,point_ID,study,study_ID,location,country,region,lat,long,reef.type,reef.zone,mindepth,maxdepth,disturbance,distrubance.year,pre.dist.cc,pre.dist.year,post.dist.cc,post.dist.year,recovery.cc,recovery.year,resistance.time,recovery_time,calculated.recovery.rate,recovery.rate,resistance.rate,richness,hii100km,hii75km,hii50km,hii25km,hii10km,distance_to_shore_m,MPA_status,MPA_during_recov,yrs_as_MPA_pre_dist,years_of_recov_protected,percent_recov_protected,MPA_name,MPA_designation,MPA_DESIG_TYPE,MPA_IUCN_CAT,NO_TAKE,STATUS,STATUS_YR,river,riv_row,dist_to_riv_m,coast,dist_to_riv_km,name,name_alt
1,1,Emslie et al 2008,1,"Carter Reef, GBR, Australia",Australia,W. Pacific,-14.545966,145.5189958,barrier,slope,6,9,Storm,1993,NA,n/a,14,1993,59.1,1999,NA,6,7.516666667,7.52,NA,421,32372,14228,360,40,0,13346.46107,Inside,No,0,0,0,Great Barrier Reef,Marine Park,National,V: Protected SeascapeI: Protected area with sustainable use of natural resources,None,Designated,2004,1081,167,1093410.121,22,1093.410121,Roper,NA
2,10,Golbuu et al 2007,5,Palau (patch),Palau,W. Pacific,7.530000098,134.56,fringing,patch,3,10,Bleaching,1998,NA,n/a,6.29,2001,19.365,2004,NA,3,4.358333333,4.36,NA,343,10049,9963,9692,9380,5108,NA,Outside,No,0,0,0,NA,NA,NA,NA,NA,NA,NA,111,13,1141705.669,144,1141.705669,NA,NA
3,100,Graham et al 2015,41,"Mahe W Carbonate, Seychelles",Seychelles,Indian Ocean,-4.66834169,55.40038018,fringing,,,,Bleaching,1998,34.9,1994,22.47142857,2005,23.9,2011,11,6,0.238095238,NA,-1.12987013,NA,0,0,0,0,0,88.4879302,Outside,No,0,0,0,NA,NA,NA,NA,NA,NA,NA,10,2,1539886.219,18,1539.886219,Maningory,NA
4,101,Graham et al 2015,41,"Mahe W Granitic, Seychelles",Seychelles,Indian Ocean,-4.65856868,55.36218833,rocky,,,,Bleaching,1998,19.3,1994,31.67710843,2005,32.4,2011,11,6,0.120481928,NA,1.125191676,NA,0,0,0,0,0,100.8562903,Outside,No,0,0,0,NA,NA,NA,NA,NA,NA,NA,10,2,1539130.688,18,1539.130688,Maningory,NA
5,102,Graham et al 2015,41,"Mahe W Patch, Seychelles",Seychelles,Indian Ocean,-4.689278837,55.43686271,patch,flat,,,Bleaching,1998,20.8,1994,46.85483871,2005,47.5,2011,11,6,0.107526882,NA,2.368621701,NA,0,0,0,0,0,1403.924541,Outside,No,0,0,0,NA,NA,NA,NA,NA,NA,NA,10,2,1539444.265,18,1539.444265,Maningory,NA
6,103,Graham et al 2015,41,"Praslin NE Granitic, Seychelles",Seychelles,Indian Ocean,-4.289467015,55.70383009,rocky,,,,Bleaching,1998,17.1,1994,23.2,2005,23.8,2011,11,6,0.1,NA,0.554545455,NA,0,0,0,0,0,87.55526622,Inside,Yes,26,6,100,Curieuse,Marine National Park,National,II: National Park,All,Designated,1979,10,2,1592263.362,18,1592.263362,Maningory,NA
7,104,Graham et al 2015,41,"Praslin NE Patch, Seychelles",Seychelles,Indian Ocean,-4.304390254,55.74493427,patch,flat,,,Bleaching,1998,25.4,1994,8.031034483,2005,10.1,2011,11,6,0.344827586,NA,-1.578996865,NA,0,0,0,0,0,736.4265748,Inside,Yes,26,6,100,Curieuse,Marine National Park,National,II: National Park,All,Designated,1979,10,2,1592681.702,18,1592.681702,Maningory,NA
8,105,Graham et al 2015,41,"Praslin SW Granitic, Seychelles",Seychelles,Indian Ocean,-4.315750577,55.68185512,rocky,,,,Bleaching,1998,17.4,1994,16.61764706,2005,17.5,2011,11,6,0.147058824,NA,-0.071122995,NA,0,0,0,0,0,261.9195861,Outside,No,0,0,0,NA,NA,NA,NA,NA,NA,NA,10,2,1588583.31,18,1588.58331,Maningory,NA
9,106,Graham et al 2015,41,"Ste. Anne Granitic, Seychelles",Seychelles,Indian Ocean,-4.606790651,55.51411807,rocky,,,,Bleaching,1998,38.5,1994,18.58181818,2005,20.4,2011,11,6,0.303030303,NA,-1.810743802,NA,0,0,0,0,0,283.641754,Inside,Yes,32,6,100,Ste. Anne,Marine National Park,National,II: National Park,All,Designated,1973,10,2,1551365.542,18,1551.365542,Maningory,NA
10,107,Graham et al 2015,41,"Ste Anne Patch, Seychelles",Seychelles,Indian Ocean,-4.619322443,55.5064888,patch,flat,,,Bleaching,1998,54.2,1994,17.84736842,2005,18.9,2011,11,6,0.175438596,NA,-3.304784689,NA,0,0,0,0,0,278.6147476,Inside,Yes,32,6,100,Ste. Anne,Marine National Park,National,II: National Park,All,Designated,1973,10,2,1549744.332,18,1549.744332,Maningory,NA
11,108,Graham et al 2015,41,"Cousin Carbonate, Seychelles",Seychelles,Indian Ocean,-4.328557125,55.66096307,fringing,,,,Bleaching,1998,59.7,1994,60.4,2005,0.4,2011,11,6,-10,NA,0.063636364,NA,0,0,0,0,0,100.5359344,Inside,Yes,30,6,100,Cousin Island,Special Reserve,National,Ia: Strict Nature ReserV: Protected Seascapee,All,Designated,1975,10,2,1586316.282,18,1586.316282,Maningory,NA
12,109,Graham et al 2015,41,"Coustin Granitic , Seychelles",Seychelles,Indian Ocean,-4.33154704,55.66660772,rocky,,,,Bleaching,1998,23.3,1994,0.1,2005,2.8,2011,11,6,0.45,NA,-2.109090909,NA,0,0,0,0,0,66.63032461,Inside,Yes,30,6,100,Cousin Island,Special Reserve,National,Ia: Strict Nature ReserV: Protected Seascapee,All,Designated,1975,10,2,1586276.855,18,1586.276855,Maningory,NA
13,11,Smith et al. 2008,6,"Scott Reef System , NW Australia",Australia,W. Pacific,-14.06666657,121.7666667,atoll,slope,9,9,Bleaching,1998,48.24,1998,10.96,1999,19.5,2005,1,6,1.423333333,1.42,-37.28,360,0,0,0,0,0,266354.3541,Outside,No,0,0,0,NA,NA,NA,NA,NA,NA,NA,491,76,436868.9228,22,436.8689228,Fitzroy,NA
14,110,Graham et al 2015,41,"Cousin Patch, Seychelles",Seychelles,Indian Ocean,-4.333414557,55.65910108,patch,flat,,,Bleaching,1998,38.6,1994,0.1,2005,2.8,2011,11,6,0.45,NA,-3.5,NA,0,0,0,0,0,130.5441502,Inside,Yes,30,6,100,Cousin Island,Special Reserve,National,Ia: Strict Nature ReserV: Protected Seascapee,All,Designated,1975,10,2,1585738.715,18,1585.738715,Maningory,NA
15,111,Graham et al 2015,41,"Mahe E Carbonate, Seychelles",Seychelles,Indian Ocean,-4.708069081,55.53079368,fringing,,,,Bleaching,1998,28.6,1994,0.1,2005,1.9,2011,11,6,0.3,NA,-2.590909091,NA,0,0,0,0,0,860.7416898,Outside,No,0,0,0,NA,NA,NA,NA,NA,NA,NA,10,2,1541911.679,18,1541.911679,Maningory,NA
16,112,Graham et al 2015,41,"Mahe E Granitic, Seychelles",Seychelles,Indian Ocean,-4.734445911,55.52939134,rocky,,,,Bleaching,1998,9.3,1994,3.4,2005,1,2011,11,6,-0.4,NA,-0.536363636,NA,0,0,0,0,0,175.8631964,Outside,No,0,0,0,NA,NA,NA,NA,NA,NA,NA,10,2,1539184.339,18,1539.184339,Maningory,NA
17,113,Graham et al 2015,41,"Praslin NE Carbonate, Seychelles",Seychelles,Indian Ocean,-4.317062683,55.75891536,fringing,,,,Bleaching,1998,28.3,1994,0.1,2005,1,2011,11,6,0.15,NA,-2.563636364,NA,0,0,0,0,0,209.1543109,Outside,No,0,0,0,NA,NA,NA,NA,NA,NA,NA,10,2,1592061.393,18,1592.061393,Maningory,NA
18,114,Graham et al 2015,41,"Praslin SW Carbonate, Seychelles",Seychelles,Indian Ocean,-4.354316474,55.71224425,fringing,,,,Bleaching,1998,42.1,1994,60.4,2005,0.4,2011,11,6,-10,NA,1.663636364,NA,0,0,0,0,0,1789.466648,Outside,No,0,0,0,NA,NA,NA,NA,NA,NA,NA,10,2,1586110.858,18,1586.110858,Maningory,NA
19,115,Graham et al 2015,41,"Praslin SW Patch, Seychelles",Seychelles,Indian Ocean,-4.337035333,55.69789884,patch,flat,,,Bleaching,1998,17.3,1994,0.1,2005,3.4,2011,11,6,0.55,NA,-1.563636364,NA,0,0,0,0,0,1101.425592,Outside,No,0,0,0,NA,NA,NA,NA,NA,NA,NA,10,2,1587182.909,18,1587.182909,Maningory,NA
20,116,Graham et al 2015,41,"Ste. Anne Carbonate, Seychelles",Seychelles,Indian Ocean,-4.612352849,55.49401927,fringing,,,,Bleaching,1998,40.1,1994,12.49230769,2005,14.8,2011,11,6,0.384615385,NA,-2.50979021,NA,0,0,0,0,0,263.7875913,Inside,Yes,32,6,100,Ste. Anne,Marine National Park,National,II: National Park,All,Designated,1973,10,2,1549871.283,18,1549.871283,Maningory,NA
21,117,Ledlie et al. 2007,42,"M1 Cousin Island, Seychelles",Seychelles,Indian Ocean,-4.332204902,55.657293,fringing,,,,Bleaching,1998,49.91,1994,17.71,1998,1.11,2005,4,7,-2.371428571,NA,-8.05,NA,0,0,0,0,0,319.4035185,Outside,No,0,0,0,NA,NA,NA,NA,NA,NA,NA,10,2,1585776.867,18,1585.776867,Maningory,NA
22,118,Ledlie et al. 2007,42,"M2, Cousin Island, Seychelles",Seychelles,Indian Ocean,-4.327945956,55.66101129,rocky,,,,Bleaching,1998,23.65,1994,6.32,1998,1.61,2005,4,7,-0.672857143,NA,-4.3325,NA,0,0,0,0,0,151.6905486,Inside,Yes,23,7,100,Cousin Island,Special Reserve,National,Ia: Strict Nature ReserV: Protected Seascapee,All,Designated,1975,10,2,1586380.297,18,1586.380297,Maningory,NA
23,119,Miller et al. 2009,43,"Tektite Reef, USVI",USVI,Caribbean,18.3095701,-64.721718,fringing,slope,7.6,18.9,"Bleaching, Disease",2005,24.7,2004,24.44,2005,11.6,2007,1,2,-6.42,NA,-0.26,NA,34265,25534,11312,8571,2300,272.5053628,Inside,Yes,49,2,100,Virgin Islands,National Park,National,V: Protected Seascape,Part,Designated,1956,1098,170,990606.0729,162,990.6060729,Orinoco,NA
24,12,"Coles & Brown, 2007",7,"Kahe Point, O'ahu, Hawai'i",Hawaii,E. Pacific,21.3541667,-158.1468556,fringing,patch,3,5,Storm,1980,NA,n/a,19.9,1981,22.68466667,1987,NA,6,0.464111111,0.46,NA,60,80735,77785,77667,37278,8110,NA,Outside,No,0,0,0,NA,NA,NA,NA,NA,NA,NA,368,60,3968546.241,251,3968.546241,San Joaquin,NA
25,120,Miller et al. 2009,43,"Haulover Reef, USVI",USVI,Caribbean,18.3517151,-64.679609,fringing,slope,3.7,10.4,"Bleaching, Disease",2005,22.5,2005,17.28,2006,10.3,2007,1,1,-6.98,NA,-5.22,NA,29305,24423,11312,7966,3086,278.624365,Inside,Yes,50,1,100,Virgin Islands,National Park,National,V: Protected Seascape,Part,Designated,1956,1098,170,993958.6441,162,993.9586441,Orinoco,NA
26,121,Miller et al. 2009,43,"Mennebeck Reef, USVI",USVI,Caribbean,18.3537781,-64.68218,fringing,slope,3.7,18.9,"Bleaching, Disease",2005,26.7,2004,20.61,2005,9.3,2007,1,2,-5.655,NA,-6.09,NA,29439,24385,11312,7966,3096,203.9554596,Inside,Yes,49,2,100,Virgin Islands,National Park,National,V: Protected Seascape,Part,Designated,1956,1098,170,994251.2249,162,994.2512249,Orinoco,NA
27,122,Miller et al. 2009,43,"Newfound Reef, USVI",USVI,Caribbean,18.34830263,-64.66844814,fringing,slope,3.7,18.9,"Bleaching, Disease",2005,13.3,2005,9.7,2006,6,2007,1,1,-3.7,NA,-3.6,NA,28973,24317,11312,7590,2814,58.3586149,Outside,No,0,0,0,NA,NA,NA,NA,NA,NA,NA,1098,170,993284.8921,162,993.2848921,Orinoco,NA
28,123,Miller et al. 2009,43,"South Fore Reef, USVI",USVI,Caribbean,17.78516767,-64.607598,forereef,slope,3.7,18.9,"Bleaching, Disease",2005,19.8,2005,11.5,2006,4.1,2007,1,1,-7.4,NA,-8.3,NA,27148,19808,11065,8336,2108,1783.931439,Inside,Yes,45,1,100,Buck Island Reef,National Monument,National,Ia: Strict Nature ReserV: Protected Seascapee,All,Designated,1961,1098,170,931128.5101,162,931.1285101,Orinoco,NA
29,124,Muthiga 2009,44,"Kanamai, Kenya",Kenya,Indian Ocean,-3.920471902,39.793145,fringing,,,,Bleaching,1998,22.1,1997,18.11,1999,25,2005,2,6,1.148333333,NA,-1.995,NA,272487,169564,82074,24091,3953,834.6471588,Outside,No,0,0,0,NA,NA,NA,NA,NA,NA,NA,602,91,189884.7774,25,189.8847774,Pangani,NA
30,125,Muthiga 2009,44,"Malindi, Kenya",Kenya,Indian Ocean,-3.256903902,40.141754,fringing,,,,Bleaching,1998,44.36,1997,9,1999,13.95,2005,2,6,0.825,NA,-17.68,NA,237195,141146,72209,21484,3948,1514.001381,Inside,Yes,31,6,100,Mallindi,Marine National Park,National,II: National Park,Not Reported,Designated,1968,602,91,273287.1068,25,273.2871068,Pangani,NA
31,126,Muthiga 2009,44,"Watamu, Kenya",Kenya,Indian Ocean,-3.381081902,40.000722,fringing,,,,Bleaching,1998,37.87,1997,10.14,1999,11.56,2005,2,6,0.236666667,NA,-13.865,NA,251936,163654,91526,25774,3574,1488.524232,Inside,Yes,31,6,100,Watamu,Marine National Park,National,Not Reported,Not Reported,Designated,1968,602,91,253815.0775,25,253.8150775,Pangani,NA
32,127,Muthiga 2009,44,"Vipingo, Kenya",Kenya,Indian Ocean,-3.833904902,39.827855,fringing,,,,Bleaching,1998,19.92,1997,11.5,1999,23.12,2005,2,6,1.936666667,NA,-4.21,NA,276269,172670,81041,22253,3840,1174.707109,Outside,No,0,0,0,NA,NA,NA,NA,NA,NA,NA,602,91,200200.273,25,200.200273,Pangani,NA
33,128,Carassou et al 2013,45,"Channel Caye, Belize",Belize,Caribbean,16.6410441,-88.138495,barrier,back reef,,,"Bleaching, Storm",1998,41,1998,12,1999,5,2000,1,1,-7,NA,-29,NA,157619,70852,30115,2038,0,3980.429171,Inside,Yes,3,1,100,South Water Caye,Marine Reserve,National,IV: Protected Seascape: Habitat / Species Management Area,Not Reported,Designated,1996,767,121,91350.76181,207,91.35076181,Ula,NA
34,129,Carassou et al 2013,45,"Discovery Bay, Jamaica",Jamaica,Caribbean,18.4705281,-77.410503,fringing,,,,Bleaching,"1987, 1989, 1990",60,1970,15,1990,10,1995,20,5,-1,NA,-2.25,NA,358617,290486,132631,34121,7177,1131.558226,Inside,No,0,0,0,Discovery Bay Fish,Fish Sanctuary,National,IV: Protected Seascape: Habitat / Species Management Area,Not Reported,Designated,2009,478,73,721921.3676,207,721.9213676,Coco,NA
35,13,"Brown & Suharsono, 1990",8,"Pulau Pari Islands, Indonesia (Pari)",Indonesia ,W. Pacific,-5.863212964,106.6159797,fringing,flat,0.5,3,Bleaching,1982-1983,22.17,1981,3.61,1983,14.12,1988,2,5,2.102,2.1,-9.28,552,406665,249379,92646,5019,72,16047.99176,Outside,No,0,0,0,NA,NA,NA,NA,NA,NA,NA,321,54,712275.3842,123,712.2753842,Indragi,NA
36,130,Carassou et al 2013,45,"Dairy Bull Reef, Jamaica",Aiats,Caribbean,18.4686371,-77.386496,fringing,,,,Bleaching,"1987, 1989, 1990",55,1977,23,1995,54,2004,18,9,3.444444444,NA,-1.777777778,NA,359720,292998,132628,34255,7557,639.2779117,Outside,No,0,0,0,NA,NA,NA,NA,NA,NA,NA,478,73,723973.5288,207,723.9735288,Coco,NA
37,131,Carassou et al 2013,45,"Buck Island, USVI",USVI,Caribbean,17.7918061,-64.627858,fringing,slope,,,Storm,1989,29,1989,27,1991,31,1996,2,5,0.8,NA,-1,NA,27662,20542,11065,9292,2490,2399.614568,Inside,Yes,30,5,100,Buck Island Reef,National Monument,National,Ia: Strict Nature ReserV: Protected Seascapee,All,Designated,1961,1098,170,932421.447,162,932.421447,Orinoco,NA
38,132,Carassou et al 2013,45,"Yawzi Point, USVI",USVI,Caribbean,18.3152301,-64.725826,,,,,Storm,1989,20,1989,13,1989,14,1990,0,1,1,NA,NA,NA,34691,25568,11312,8760,2354,76.96193055,Inside,Yes,33,1,100,Virgin Islands,National Park,National,V: Protected Seascape,Part,Designated,1956,1098,170,991329.0615,162,991.3290615,Orinoco,NA
39,133,Perry and Morgan 2017,46,"Mahutigala, Huvadhoo atoll, southern Maldives",Maldives,Indian Ocean,0.290000098,73.22,atoll,slope,2 meter depth contour,2 meter depth contour,Bleaching,2016,23.5,2016,5.3,2016,5.4,2017,0,1,0.1,NA,NA,NA,0,0,0,0,0,NA,Outside,No,0,0,0,NA,NA,NA,NA,NA,NA,NA,1379,204,1238200.219,145,1238.200219,NA,NA
40,134,Perry and Morgan 2017,46,"Kandahalagala, in Huvadhoo atoll, southern Maldives",Maldives,Indian Ocean,0.230000098,73.22,atoll,slope,2 meter depth contour,2 meter depth contour,Bleaching,2016,34.9,2016,9.9,2016,9.8,2017,0,1,-0.1,NA,NA,NA,0,0,0,0,0,NA,Outside,No,0,0,0,NA,NA,NA,NA,NA,NA,NA,1379,204,1242438.436,145,1242.438436,NA,NA
41,135,Perry and Morgan 2017,46,"Kodehutigala, in Huvadhoo atoll, southern Maldives",Maldives,Indian Ocean,0.290000098,73.19,atoll,slope,2 meter depth contour,2 meter depth contour,Bleaching,2016,20.7,2016,5.7,2016,4.3,2017,0,1,-1.4,NA,NA,NA,0,0,0,0,0,NA,Outside,No,0,0,0,NA,NA,NA,NA,NA,NA,NA,1379,204,1240787.439,145,1240.787439,NA,NA
42,136,Perry and Morgan 2017,46,"Kadumaigala, in Huvadhoo atoll, southern Maldives",Maldives,Indian Ocean,0.265075098,73.19,atoll,slope,2 meter depth contour,2 meter depth contour,Bleaching,2016,21.5,2016,5.2,2016,3.9,2017,0,1,-1.3,NA,NA,NA,0,0,0,0,0,NA,Outside,No,0,0,0,NA,NA,NA,NA,NA,NA,NA,1379,204,1242541.879,145,1242.541879,NA,NA
43,137,Perry and Morgan 2017,46,"Kafigahlaa, in Huvadhoo atoll, southern Maldives",Maldives,Indian Ocean,0.290000098,73.2,atoll,slope,2 meter depth contour,2 meter depth contour,Bleaching,2016,27.3,2016,5.7,2016,5.8,2017,0,1,0.1,NA,NA,NA,0,0,0,0,0,NA,Outside,No,0,0,0,NA,NA,NA,NA,NA,NA,NA,1379,204,1239924.639,145,1239.924639,NA,NA
44,138,Baird et al 2018,47,"Trimodal Reef, Australia, Northern GBR",Australia,W. Pacific,-14.6997999,145.4486,semi-exposed mid-shelf reef,shelf,1 meter,1 meter,Storm,2014,34.9,2014,3.9,2015,NA,N/A,1,NA,NA,NA,-31,NA,45544,24836,7768,44,40,2012.572242,Inside,Yes,11,0,0,Great Barrier Reef,Marine Park,National,Ia: Strict Nature ReserV: Protected Seascapee,All,Designated,2004,1081,167,1085273.616,22,1085.273616,Roper,NA
45,139,Holbrook et al 2018 using extract from data release of Guest 2018,48,"LTER6_Outer_17, Moorea",Moorea,E. Pacific,-17.5117999,-149.9286,fore reef,,~17m,~17m,Storm,2010 (with COTS from 2007-2009 and bleaching in 2007),13.23,2006,1,2010,18.47,2015,4,5,3.494,NA,-3.0575,NA,26354,22472,11830,3160,1374,726.6777743,Outside,No,0,0,0,NA,NA,NA,NA,NA,NA,NA,1428,221,3940510.106,4038,3940.510106,Whakatane,NA
46,14,"Brown & Suharsono, 1990",8,"Pulau Pari Islands, Indonesia (Tikus)",Indonesia,W. Pacific,-5.863246369,106.5824333,fringing,flat,0.5,3,Bleaching,1982-1983,25.98,1981,2.17,1983,15.88,1985,2,2,6.855,6.86,-11.905,552,408343,245649,89652,5083,86,15996.06688,Outside,No,0,0,0,NA,NA,NA,NA,NA,NA,NA,321,54,710384.2279,123,710.3842279,Indragi,NA
47,140,Holbrook et al 2018 using extract from data release of Guest 2018,48,"LTER2_Outer_10, Moorea",Moorea,E. Pacific,-17.4702999,-149.8112,fore reef,,~10m,~10m,Storm,2010 (with COTS from 2007-2009 and bleaching in 2007),29.44,2006,3.92,2010,37.96,2015,4,5,6.808,NA,-6.38,NA,26354,24796,17486,3434,2268,618.4122812,Outside,No,0,0,0,NA,NA,NA,NA,NA,NA,NA,1428,221,3952865.335,4038,3952.865335,Whakatane,NA
48,141,Holbrook et al 2018 using extract from data release of Guest 2018,48,"LTER2_Outer_17, Moorea",Moorea,E. Pacific,-17.4702999,-149.8112,fore reef,,~17m,~17m,Storm,2010 (with COTS from 2007-2009 and bleaching in 2007),29.72,2006,0.74,2010,13.23,2015,4,5,2.498,NA,-7.245,NA,26354,24796,17486,3434,2268,618.4122812,Outside,No,0,0,0,NA,NA,NA,NA,NA,NA,NA,1428,221,3952865.335,4038,3952.865335,Whakatane,NA
49,142,Holbrook et al 2018 using extract from data release of Guest 2018,48,"LTER3_Outer_17, Moorea",Moorea,E. Pacific,-17.5090999,-149.7584,fore reef,,~17m,~17m,Storm,2010 (with COTS from 2007-2009 and bleaching in 2007),35.96,2006,1.25,2010,7.01,2015,4,5,1.152,NA,-8.6775,NA,26354,26256,20858,6446,1794,3943.201756,Outside,No,0,0,0,NA,NA,NA,NA,NA,NA,NA,1428,221,3954148.6,4038,3954.1486,Whakatane,NA
50,143,Holbrook et al 2018 using extract from data release of Guest 2018,48,"LTER4_Outer_17, Moorea",Moorea,E. Pacific,-17.5521999,-149.7703,fore reef,,~17m,~17m,Storm,2010 (with COTS from 2007-2009 and bleaching in 2007),36.01,2006,1.18,2010,15.31,2015,4,5,2.826,NA,-8.7075,NA,26354,26354,21134,6820,2278,4810.622786,Outside,No,0,0,0,NA,NA,NA,NA,NA,NA,NA,1428,221,3950004.954,4038,3950.004954,Whakatane,NA
51,144,Holbrook et al 2018 using extract from data release of Guest 2018,48,"LTER5_Outer_17, Moorea",Moorea,E. Pacific,-17.5882999,-149.8714,fore reef,,~17m,~17m,Storm,2010 (with COTS from 2007-2009 and bleaching in 2007),36.95,2006,5.34,2010,20.64,2015,4,5,3.06,NA,-7.9025,NA,26354,24652,16278,3160,1930,2582.167021,Outside,No,0,0,0,NA,NA,NA,NA,NA,NA,NA,1428,221,3939333.51,4038,3939.33351,Whakatane,NA
52,145,Holbrook et al 2018 using extract from data release of Guest 2018,48,"LTER5_Outer_10, Moorea",Moorea,E. Pacific,-17.5882999,-149.8714,fore reef,,~10m,~10m,Storm,2010 (with COTS from 2007-2009 and bleaching in 2007),37.08,2006,8.72,2010,23.44,2015,4,5,2.944,NA,-7.09,NA,26354,24652,16278,3160,1930,2582.167021,Outside,No,0,0,0,NA,NA,NA,NA,NA,NA,NA,1428,221,3939333.51,4038,3939.33351,Whakatane,NA
53,146,Holbrook et al 2018 using extract from data release of Guest 2018,48,"LTER6_Outer_10, Moorea",Moorea,E. Pacific,-17.5117999,-149.9286,fore reef,,~10m,~10m,Storm,2010 (with COTS from 2007-2009 and bleaching in 2007),37.14,2006,2.03,2010,28.86,2015,4,5,5.366,NA,-8.7775,NA,26354,22472,11830,3160,1374,726.6777743,Outside,No,0,0,0,NA,NA,NA,NA,NA,NA,NA,1428,221,3940510.106,4038,3940.510106,Whakatane,NA
54,147,Holbrook et al 2018 using extract from data release of Guest 2018,48,"LTER4_Outer_10, Moorea",Moorea,E. Pacific,-17.5521999,-149.7703,fore reef,,~10m,~10m,Storm,2010 (with COTS from 2007-2009 and bleaching in 2007),37.55,2006,9.88,2010,21.46,2015,4,5,2.316,NA,-6.9175,NA,26354,26354,21134,6820,2278,4810.622786,Outside,No,0,0,0,NA,NA,NA,NA,NA,NA,NA,1428,221,3950004.954,4038,3950.004954,Whakatane,NA
55,148,Holbrook et al 2018 using extract from data release of Guest 2018,48,"LTER3_Outer_10, Moorea",Moorea,E. Pacific,-17.5090999,-149.7584,fore reef,,~10m,~10m,Storm,2010 (with COTS from 2007-2009 and bleaching in 2007),40.67,2006,0.59,2010,4.28,2015,4,5,0.738,NA,-10.02,NA,26354,26256,20858,6446,1794,3943.201756,Outside,No,0,0,0,NA,NA,NA,NA,NA,NA,NA,1428,221,3954148.6,4038,3954.1486,Whakatane,NA
56,149,Holbrook et al 2018 using extract from data release of Guest 2018,48,"LTER1_Outer_17, Moorea",Moorea,E. Pacific,-17.4771999,-149.8461,fore reef,,~17m,~17m,Storm,2010 (with COTS from 2007-2009 and bleaching in 2007),43.95,2006,1.05,2010,15.12,2015,4,5,2.814,NA,-10.725,NA,26354,24040,15884,3160,2836,88.38888575,Outside,No,0,0,0,NA,NA,NA,NA,NA,NA,NA,1428,221,3949596.855,4038,3949.596855,Whakatane,NA
57,15,"Dollar & Tribble, 1993",9,Hawai'i west coast,Hawaii,E. Pacific,19.50633717,-156.0022974,fringing,mixed,3,40,Storm,1980,45.8,1974,10.5,1980,15,1992,6,12,0.375,0.38,-5.883333333,60,167363,109293,54639,17931,1955,4897.642761,Outside,No,0,0,0,NA,NA,NA,NA,NA,NA,NA,368,60,3916836.328,251,3916.836328,San Joaquin,NA
58,150,Reigl et al 2002,49,"Dubai, UAE",UAE,Arabian Gulf,24.9863871,54.989758,fringing,,,,Bleaching,1998,90,1996,26,1998,22,1999,2,1,-4,NA,-32,NA,448074,264425,119671,34443,6737,27.02845158,Inside,Yes,0,1,100,Jabal Ali,Protected Area,National,Not Reported,All,Designated,1998,1315,189,844433.5237,230,844.4335237,Shatt al-Arab,NA
59,151,Halford et al 2009,50,"Scott Reef, Australia",Australia,Indian Ocean,-14.07561975,121.9842137,fore reef,fore reef slope,3,20,Bleaching,1997,53.33,1997,6.63,1998,12.43,2003,1,5,1.16,NA,-46.7,NA,0,0,0,0,0,250228.5075,Outside,No,0,0,0,NA,NA,NA,NA,NA,NA,NA,491,76,426182.927,22,426.182927,Fitzroy,NA
60,152,Halford et al 2009,50,"Scott Reef, Australia",Australia,Indian Ocean,-14.18164778,121.8462046,lagoon,back reef,3,20,Bleaching,1997,44.81,1997,13.47,1998,22.87,2003,1,5,1.88,NA,-31.34,NA,0,0,0,0,0,256997.7951,Outside,No,0,0,0,NA,NA,NA,NA,NA,NA,NA,491,76,421607.1673,22,421.6071673,Fitzroy,NA
61,153,Wilson et al 2009,51,"19-131, GBR",Australia,W. Pacific,-19.76666657,149.3666667,mid shelf,reef slope,6,9,Storm,1997,61.63,1996,38.24,1998,43.28,2005,2,7,0.72,NA,-11.695,NA,16759,2512,0,0,0,44561.71108,Inside,Yes,0,1,14.28571429,Great Barrier Reef,Marine Park,National,V: Protected SeascapeI: Protected area with sustainable use of natural resources,None,Designated,2004,1329,194,442662.8508,23,442.6628508,Fitzroy,NA
62,154,Wilson et al 2009,51,"19-138, GBR",Australia,W. Pacific,-19.7999999,149.4333333,mid shelf,reef slope,6,9,Storm,1997,42.31,1996,17.27,1998,39.86,2005,2,7,3.227142857,NA,-12.52,NA,12747,2411,0,0,0,36896.38341,Inside,Yes,0,1,14.28571429,Great Barrier Reef,Marine Park,National,V: Protected SeascapeI: Protected area with sustainable use of natural resources,None,Designated,2004,1329,194,436864.5019,23,436.8645019,Fitzroy,NA
63,155,Wilson et al 2009,51,"Chicken Reef, GBR",Australia,W. Pacific,-18.6499999,147.7,outer shelf,reef slope,6,9,COTS,2003,38.08,2002,12.88,2004,13.42,2005,2,1,0.54,NA,-12.6,NA,4821,0,0,0,0,78875.21297,Inside,Yes,0,1,100,Great Barrier Reef,Marine Park,National,V: Protected SeascapeI: Protected area with sustainable use of natural resources,None,Designated,2004,1329,194,630141.1335,23,630.1411335,Fitzroy,NA
64,156,Wilson et al 2009,51,"Havannah Island, GBR",Australia,W. Pacific,-18.8499999,146.55,inner shelf,reef slope,6,9,"Bleaching, Storm","1998, 2000",44.08,1997,7.81,2001,9.34,2005,4,4,0.3825,NA,-9.0675,NA,176827,114179,50273,1118,50,10052.45321,Inside,Yes,0,1,25,Great Barrier Reef,Marine Park,National,V: Protected SeascapeI: Protected area with sustainable use of natural resources,None,Designated,2004,1329,194,681682.9293,23,681.6829293,Fitzroy,NA
65,157,Wilson et al 2009,51,"Low Isles, GBR",Australia,W. Pacific,-16.38333324,145.5666667,inner shelf,reef slope,6,9,"COTS, Storm",1999,31.06,1998,9.66,2000,17.9,2005,2,5,1.648,NA,-10.7,NA,159895,94886,41929,8495,0,15459.43718,Inside,Yes,0,1,20,Great Barrier Reef,Marine Park,National,II: National Park,All,Designated,2004,1329,194,964419.6791,23,964.4196791,Fitzroy,NA
66,158,Wilson et al 2009,51,"Thetford Reef, GBR",Australia,W. Pacific,-16.7999999,146.2,mid shelf,reef slope,6,9,COTS,2000,37.89,1999,8.42,2001,7.37,2005,2,4,-0.2625,NA,-14.735,NA,126977,55900,9237,4,0,25250.82205,Inside,Yes,0,1,25,Great Barrier Reef,Marine Park,National,IV: Protected Seascape: Habitat / Species Management Area,Part,Designated,2004,1329,194,888733.6822,23,888.7336822,Fitzroy,NA
67,159,Reigl et al (2009),52,"Roatan, Honduras",Honduras,Caribbean,16.3223016,-86.58124909,reef crest,reef slope,12,12,"Bleaching, Storm",1998,28.63,1998,19.68,1999,18.78,2005,1,6,-0.15,NA,-8.95,NA,158014,40226,4650,3014,1445,126.9594124,Inside,No,0,0,0,Islas de la Bahia,Marine National Park,National,Not Reported,Not Reported,Designated,2013,767,121,130566.7719,207,130.5667719,Ula,NA
68,16,"Guzman & Cortes, 2007",10,"Chatham, Cocos Island, Costa Rica",Costa Rica,E. Pacific,5.540000098,-87.05,fringing,mixed,3,18,Bleaching,1982-1983,NA,n/a,2.9,1987,16.7,2002,NA,15,0.92,0.92,NA,24,0,0,0,0,0,NA,Inside,Yes,9,15,100,Isla del Coco,National Park,National,II: National Park,Not Reported,Designated,1978,1153,179,779861.7683,208,779.8617683,Santa Maria,NA
69,160,Wakeford et al (2008),53,"Lizard Island, GBR",Australia,W. Pacific,-14.6999999,145.46,fore reef,reef slope,2.5,2.5,"COTS, Bleaching",1982,25.38,1981,10.38,1982,28.1,1989,1,7,2.531428571,NA,-15,NA,44540,24180,7288,44,40,1664.2474,Inside,No,0,0,0,Great Barrier Reef,Marine Park,National,Ia: Strict Nature ReserV: Protected Seascapee,All,Designated,2004,1081,167,1086500.193,22,1086.500193,Roper,NA
70,161,Wakeford et al (2008),53,"Lizard Island, GBR",Australia,W. Pacific,-14.6999999,145.46,fore reef,reef slope,2.5,2.5,Storm,1990,28.1,1989,20.59,1991,41.48,1995,2,4,5.2225,NA,-3.755,NA,44540,24180,7288,44,40,1664.2474,Inside,No,0,0,0,Great Barrier Reef,Marine Park,National,Ia: Strict Nature ReserV: Protected Seascapee,All,Designated,2004,1081,167,1086500.193,22,1086.500193,Roper,NA
71,162,Wakeford et al (2008),53,"Lizard Island, GBR",Australia,W. Pacific,-14.6999999,145.46,fore reef,reef slope,2.5,2.5,COTS,1996,41.48,1995,18.68,1997,23.98,2002,2,5,1.06,NA,-11.4,NA,44540,24180,7288,44,40,1664.2474,Inside,No,0,0,0,Great Barrier Reef,Marine Park,National,Ia: Strict Nature ReserV: Protected Seascapee,All,Designated,2004,1081,167,1086500.193,22,1086.500193,Roper,NA
72,163,Schleyer et al (2008),54,"9 mile reef, South Africa",South Africa,Indian Ocean,-27.41491657,32.72661111,shelf slope,reef slope,12,12,Bleaching,2000,12.74,2000,12.36,2001,13.99,2006,1,5,0.326,NA,-0.38,NA,336051,188186,82197,22103,3844,771.6981807,Inside,Yes,1,5,100,Maputaland Marine Protected Area,Marine Protected Area,National,Not Reported,Not Reported,Designated,2000,1116,176,720963.3188,24,720.9633188,Great Kei,NA
73,164,Bena and Van Woesik (2004),55,"Site 1, Okinawa, Japan",Japan,W. Pacific,26.31666676,127.75,,,0,1,Bleaching,1998,47.05,1998,1.05,1999,1.05,2000,1,1,0,NA,-46,NA,65996,61599,51080,30576,10046,884.5566691,Inside,No,0,0,0,Common fishery right area(Okinawa),Common fishery right area,National,V: Protected SeascapeI: Protected area with sustainable use of natural resources,Not Reported,Designated,2003,1242,183,738445.6939,278,738.4456939,Ou,NA
74,165,Bena and Van Woesik (2004),55,"Site 1, Okinawa, Japan",Japan,W. Pacific,26.31666676,127.75,,,3,4,Bleaching,1998,11.05,1998,8,1999,6,2000,1,1,-2,NA,-3.05,NA,65996,61599,51080,30576,10046,884.5566691,Inside,No,0,0,0,Common fishery right area(Okinawa),Common fishery right area,National,V: Protected SeascapeI: Protected area with sustainable use of natural resources,Not Reported,Designated,2003,1242,183,738445.6939,278,738.4456939,Ou,NA
75,166,Bena and Van Woesik (2004),55,"Site 1, Okinawa, Japan",Japan,W. Pacific,26.31666676,127.75,,,6,7,Bleaching,1998,22.77,1998,8.72,1999,14.26,2000,1,1,5.54,NA,-14.05,NA,65996,61599,51080,30576,10046,884.5566691,Inside,No,0,0,0,Common fishery right area(Okinawa),Common fishery right area,National,V: Protected SeascapeI: Protected area with sustainable use of natural resources,Not Reported,Designated,2003,1242,183,738445.6939,278,738.4456939,Ou,NA
76,167,Bena and Van Woesik (2004),55,"Site 1, Okinawa, Japan",Japan,W. Pacific,26.31666676,127.75,,,9,10,Bleaching,1998,25.53,1998,16.49,1999,17.98,2000,1,1,1.49,NA,-9.04,NA,65996,61599,51080,30576,10046,884.5566691,Inside,No,0,0,0,Common fishery right area(Okinawa),Common fishery right area,National,V: Protected SeascapeI: Protected area with sustainable use of natural resources,Not Reported,Designated,2003,1242,183,738445.6939,278,738.4456939,Ou,NA
77,168,Bena and Van Woesik (2004),55,"Site 2, Okinawa, Japan",Japan,W. Pacific,26.34941405,127.7433583,,,0,1,Bleaching,1998,12.42,1998,2.42,1999,2.84,2000,1,1,0.42,NA,-10,NA,66156,62145,51812,30049,9946,700.9365215,Inside,No,0,0,0,Common fishery right area(Okinawa),Common fishery right area,National,V: Protected SeascapeI: Protected area with sustainable use of natural resources,Not Reported,Designated,2003,1242,183,736733.8861,278,736.7338861,Ou,NA
78,169,Bena and Van Woesik (2004),55,"Site 2, Okinawa, Japan",Japan,W. Pacific,26.34941405,127.7433583,,,3,4,Bleaching,1998,25.26,1998,2.74,1999,3.47,2000,1,1,0.73,NA,-22.52,NA,66156,62145,51812,30049,9946,700.9365215,Inside,No,0,0,0,Common fishery right area(Okinawa),Common fishery right area,National,V: Protected SeascapeI: Protected area with sustainable use of natural resources,Not Reported,Designated,2003,1242,183,736733.8861,278,736.7338861,Ou,NA
79,17,"Guzman & Cortes, 2007",10,"Presidio, Cocos Island, Costa Rica",Costa Rica,E. Pacific,5.550000098,-87.066,fringing,mixed,9,24,Bleaching,1982-1983,NA,n/a,3.47,1987,25.7,2002,NA,15,1.482,1.48,NA,24,0,0,0,0,0,NA,Inside,Yes,9,15,100,Isla del Coco,National Park,National,II: National Park,Not Reported,Designated,1978,1153,179,781098.4127,208,781.0984127,Santa Maria,NA
80,170,Bena and Van Woesik (2004),55,"Site 2, Okinawa, Japan",Japan,W. Pacific,26.34941405,127.7433583,,,6,7,Bleaching,1998,23.19,1998,14.04,1999,6.38,2000,1,1,-7.66,NA,-9.15,NA,66156,62145,51812,30049,9946,700.9365215,Inside,No,0,0,0,Common fishery right area(Okinawa),Common fishery right area,National,V: Protected SeascapeI: Protected area with sustainable use of natural resources,Not Reported,Designated,2003,1242,183,736733.8861,278,736.7338861,Ou,NA
81,171,Bena and Van Woesik (2004),55,"Site 2, Okinawa, Japan",Japan,W. Pacific,26.34941405,127.7433583,,,9,10,Bleaching,1998,18.19,1998,9.15,1999,9.36,2000,1,1,0.21,NA,-9.04,NA,66156,62145,51812,30049,9946,700.9365215,Inside,No,0,0,0,Common fishery right area(Okinawa),Common fishery right area,National,V: Protected SeascapeI: Protected area with sustainable use of natural resources,Not Reported,Designated,2003,1242,183,736733.8861,278,736.7338861,Ou,NA
82,172,Shibuna et al (2002),56,"Ishigaki Island, Japan",Japan,W. Pacific,24.4700001,124.21,outer reef flat,reef flat,1,2,Bleaching,1998,38.6,1997,2.5,1998,4.9,2000,1,2,1.2,NA,-36.1,NA,18610,18610,16822,9600,5242,1538.903786,Inside,Yes,26,2,100,Iriomote ishigaki,National Park,National,II: National Park,Not Reported,Designated,1972,1242,183,544598.6471,278,544.5986471,Ou,NA
83,173,Kuo et al (2012),57,"Wanlitung Reef, Taiwan",Taiwan,Indian Ocean,21.99501676,120.7036,fringing reef,,,,"Bleaching, Storm",1997,35,1987,19.57,1999,46.92,2003,12,4,6.8375,NA,-1.285833333,NA,190314,99317,41380,18849,6404,712.9280883,Inside,Yes,15,4,100,Kenting,National Park,National,II: National Park,Not Reported,Designated,1984,1242,183,681319.6005,278,681.3196005,Ou,NA
84,174,Phongsuwan et al (2013),58,"Surin Islands, Thailand",Thailand,Indian Ocean,9.410000098,97.88,reef slope,reef slope,2,15,Bleaching,1998,43.01,1988,35.54,1998,55.28,2006,10,8,2.4675,NA,-0.747,NA,104190,31784,1312,461,443,723.3636654,Inside,Yes,17,8,100,Mu Ko Surin,Marine National Park,National,II: National Park,All,Designated,1981,1322,192,745121.2775,123,745.1212775,Asahan,NA
85,175,Phongsuwan et al (2013),58,"Similan Islands, Thailand",Thailand,Indian Ocean,8.660000098,97.65,reef slope,reef slope,2,15,Bleaching,1998,26.84,1988,29.4,2002,31.66,2006,14,4,0.565,NA,0.182857143,NA,71994,11193,190,162,126,507.0176566,Inside,Yes,20,4,100,Ao Phangnga - Mu Koh Surin - Mu Koh Similan,National Park and ASEAN Heritage Park,National,II: National Park,Not Reported,Designated,1982,1322,192,674621.9907,123,674.6219907,Asahan,NA
86,176,Haapkyla et al (2013),59,"Nelly Bay, GBR, Australia",Australia,W. Pacific,-19.17194435,146.8483333,inner shelf,inner shelf,5,5,Bleaching,2009,58.06,2008,31.39,2009,48.61,2010,1,1,17.22,NA,-26.67,NA,200650,110833,62516,27353,2023,1404.197633,Inside,Yes,5,1,100,Great Barrier Reef,Marine Park,National,V: Protected SeascapeI: Protected area with sustainable use of natural resources,None,Designated,2004,1329,194,634051.5796,23,634.0515796,Fitzroy,NA
87,177,Haapkyla et al (2013),59,"Geoffrey Bay, GBR, Australia",Australia,W. Pacific,-19.15583324,146.8611111,inner shelf,inner shelf,5,5,Bleaching,2009,39.44,2008,21.67,2009,30.28,2010,1,1,8.61,NA,-17.77,NA,196220,108349,60479,24087,1481,68.11173098,Inside,Yes,5,1,100,Great Barrier Reef,Marine Park,National,II: National Park,All,Designated,2004,1329,194,634576.2456,23,634.5762456,Fitzroy,NA
88,178,Speed et al (2013),60,"Bundegi Reef, Australia",Australia,Indian Ocean,-21.80493165,114.1864845,,,,,Storm,1999,75.78,1989,10.41,1999,48.48,2009,10,10,3.807,NA,-6.537,NA,91275,42285,13389,4768,1078,1411.382135,Inside,Yes,0,4,40,Ningaloo,Marine Park,National,II: National Park,All,Designated,2005,491,76,1089106.005,22,1089.106005,Fitzroy,NA
89,179,Gilmour et al (2013),61,"Scott Reef, Australia",Australia,Indian Ocean,-14.0688199,121.765933,atoll,slope,9,9,Bleaching,1998,48.24,1998,10.96,1999,43.33,2011,1,12,2.6975,NA,-37.28,NA,0,0,0,0,0,NA,Outside,No,0,0,0,NA,NA,NA,NA,NA,NA,NA,491,76,436688.1067,22,436.6881067,Fitzroy,NA
90,18,Stobart et al. 2005; Buckley et al 2008,11,"Aldabra, Seychelles (10m site)",Seychelles,Indian Ocean,-9.419999902,46.42,atoll,slope,10,10,Bleaching,1998,NA,n/a,11.3,1999,14.9,2005,NA,6,0.6,0.6,NA,301,0,0,0,0,0,NA,Inside,Yes,18,6,100,Aldabra,Special Reserve,National,Ia: Strict Nature ReserV: Protected Seascapee,All,Designated,1981,10,2,928332.4228,18,928.3324228,Maningory,NA
91,180,DeBose et al (2013),62,"Stetson Bank, Gulf of Mexico",Texas,Caribbean,28.2000001,-94.3,atoll,flat,15,15,"Bleaching, Storm",2005,29.8,2005,7.43,2006,5.73,2008,1,2,-0.85,NA,-22.37,NA,0,0,0,0,0,125858.3767,Outside,No,0,0,0,NA,NA,NA,NA,NA,NA,NA,588,85,484539.7957,206,484.5397957,Mississippi,NA
92,181,Russ et al (2015),63,"Apo Island, Phillipines",Phillipines,W. Pacific,9.080000098,123.27,fringing,slope,3,17,Bleaching,1998,63.42,1997,46.15,1998,66.29,2007,1,9,2.237777778,NA,-17.27,NA,277741,144470,58234,13162,678,NA,Inside,Yes,4,9,100,Apo Island,Protected Landscape and Seascape,National,V: Protected Seascape,Not Reported,Designated,1994,111,13,225516.3081,144,225.5163081,NA,NA
93,182,Russ et al (2015),63,"Apo Island, Phillipines",Phillipines,W. Pacific,9.080000098,123.27,fringing,slope,3,17,Bleaching,1998,12.65,1994,20.75,1998,50.12,2007,4,9,3.263333333,NA,2.025,NA,277741,144470,58234,13162,678,NA,Inside,Yes,4,9,100,Apo Island,Protected Landscape and Seascape,National,V: Protected Seascape,Not Reported,Designated,1994,111,13,225516.3081,144,225.5163081,NA,NA
94,183,Russ et al (2015),63,"Sumilon, Phillipines",Phillipines,W. Pacific,9.430000098,123.39,fringing,slope,3,17,Bleaching,1998,39.41,1995,25.69,1998,35.25,2007,3,9,1.062222222,NA,-4.573333333,NA,342263,191774,87442,17163,2375,NA,Outside,No,0,0,0,NA,NA,NA,NA,NA,NA,NA,111,13,255613.8232,144,255.6138232,NA,NA
95,184,Russ et al (2015),63,"Sumilon, Phillipines",Phillipines,W. Pacific,9.430000098,123.39,fringing,slope,3,17,Bleaching,1998,19.41,1995,11.82,1998,23.03,2007,3,9,1.245555556,NA,-2.53,NA,342263,191774,87442,17163,2375,NA,Outside,No,0,0,0,NA,NA,NA,NA,NA,NA,NA,111,13,255613.8232,144,255.6138232,NA,NA
96,185,Lamy et al (2015),64,"Tiahura Reef, Moorea",Moorea,E. Pacific,-17.4829999,-149.9,fringing,outer slope,10,10,COTS,2006,54.95,2005,9.91,2008,3.36,2010,3,2,-3.275,NA,-15.01333333,NA,26354,22814,12954,3160,1718,938.4842213,Outside,No,0,0,0,NA,NA,NA,NA,NA,NA,NA,1428,221,3944911.898,4038,3944.911898,Whakatane,NA
97,186,Lamy et al (2015),64,"Entre 2 Baies, Moorea",Moorea,E. Pacific,-17.4759999,-149.837,fringing,outer slope,10,10,COTS,2006,55.4,2005,6.36,2009,3.79,2010,4,1,-2.57,NA,-12.26,NA,26354,24246,16312,3178,2844,472.5992429,Outside,No,0,0,0,NA,NA,NA,NA,NA,NA,NA,1428,221,3950404.425,4038,3950.404425,Whakatane,NA
98,187,Lamy et al (2015),64,"Pihaena, Moorea",Moorea,E. Pacific,-17.4769999,-149.829,fringing,outer slope,10,10,COTS,2006,48.72,2006,1.12,2008,1.12,2010,2,2,0,NA,-23.8,NA,26354,24442,16738,3232,2816,380.2705139,Outside,No,0,0,0,NA,NA,NA,NA,NA,NA,NA,1428,221,3950961.406,4038,3950.961406,Whakatane,NA
99,188,Lamy et al (2015),64,"Aroa, Moorea",Moorea,E. Pacific,-17.4709999,-149.777,fringing,outer slope,10,10,COTS,2006,40.7,2005,2.1,2009,2.08,2010,4,1,-0.02,NA,-9.65,NA,26354,25582,19230,4656,1506,957.1632808,Outside,No,0,0,0,NA,NA,NA,NA,NA,NA,NA,1428,221,3955513.451,4038,3955.513451,Whakatane,NA
100,189,Lamy et al (2015),64,"Nuarei, Moorea",Moorea,E. Pacific,-17.5009999,-149.755,fringing,outer slope,10,10,COTS,2006,47.92,2006,1.42,2009,1.35,2010,3,1,-0.07,NA,-15.5,NA,26354,26228,20830,6464,1610,3933.035264,Outside,No,0,0,0,NA,NA,NA,NA,NA,NA,NA,1428,221,3955019.494,4038,3955.019494,Whakatane,NA
101,19,Stobart et al. 2005; Buckley et al 2008,11,"Aldabra, Seychelles (20m site)",Seychelles,Indian Ocean,-9.419999902,46.42,atoll,slope,20,20,Bleaching,1998,NA,n/a,20.3,1999,21.1,2001,NA,2,0.4,0.4,NA,301,0,0,0,0,0,NA,Inside,Yes,18,2,100,Aldabra,Special Reserve,National,Ia: Strict Nature ReserV: Protected Seascapee,All,Designated,1981,10,2,928332.4228,18,928.3324228,Maningory,NA
102,190,Lamy et al (2015),64,"Temae, Moorea",Moorea,E. Pacific,-17.5069999,-149.76,fringing,outer slope,10,10,COTS,2006,41.58,2005,3.26,2008,3.25,2010,3,2,-0.005,NA,-12.77333333,NA,26354,26200,20752,6374,1794,3697.028994,Outside,No,0,0,0,NA,NA,NA,NA,NA,NA,NA,1428,221,3954178.318,4038,3954.178318,Whakatane,NA
103,191,Lamy et al (2015),64,"Ahi, Moorea",Moorea,E. Pacific,-17.5489999,-149.771,fringing,outer slope,10,10,COTS,2006,47.91,2006,5.49,2009,4,2010,3,1,-1.49,NA,-14.14,NA,26354,26354,21060,6720,2314,4556.062804,Outside,No,0,0,0,NA,NA,NA,NA,NA,NA,NA,1428,221,3950187.374,4038,3950.187374,Whakatane,NA
104,192,Lamy et al (2015),64,"Afareaitu, Moorea",Moorea,E. Pacific,-17.5689999,-149.784,fringing,outer slope,10,10,COTS,2006,44.49,2006,4.67,2009,4.67,2010,3,1,0,NA,-13.27333333,NA,26354,26326,20616,6182,2256,4593.786795,Outside,No,0,0,0,NA,NA,NA,NA,NA,NA,NA,1428,221,3947674.049,4038,3947.674049,Whakatane,NA
105,193,Lamy et al (2015),64,"Maatea, Moorea",Moorea,E. Pacific,-17.5959999,-149.795,fringing,outer slope,10,10,COTS,2006,38.88,2005,14.58,2008,6.73,2010,3,2,-3.925,NA,-8.1,NA,26354,26326,20336,5802,1566,5762.311476,Outside,No,0,0,0,NA,NA,NA,NA,NA,NA,NA,1428,221,3944799.341,4038,3944.799341,Whakatane,NA
106,194,Lamy et al (2015),64,"Haapiti, Moorea",Moorea,E. Pacific,-17.5539999,-149.898,fringing,outer slope,10,10,COTS,2006,25.95,2006,18.02,2008,10.46,2010,2,2,-3.78,NA,-3.965,NA,26354,23672,14418,3160,2134,677.4716343,Outside,No,0,0,0,NA,NA,NA,NA,NA,NA,NA,1428,221,3939783.456,4038,3939.783456,Whakatane,NA
107,195,Lamy et al (2015),64,"Taotaha, Moorea",Moorea,E. Pacific,-17.5329999,-149.919,fringing,outer slope,10,10,COTS,2006,32.34,2006,8.04,2008,8.04,2010,2,2,0,NA,-12.15,NA,26354,22876,12672,3160,1708,194.0673474,Outside,No,0,0,0,NA,NA,NA,NA,NA,NA,NA,1428,221,3939688.806,4038,3939.688806,Whakatane,NA
108,196,Lamy et al (2015),64,"Tetaiuo, Moorea",Moorea,E. Pacific,-17.5119999,-149.926,fringing,outer slope,10,10,COTS,2006,41.5,2005,7.1,2009,6.73,2011,4,2,-0.185,NA,-8.6,NA,26354,22544,11918,3160,1426,908.5143472,Outside,No,0,0,0,NA,NA,NA,NA,NA,NA,NA,1428,221,3940700.325,4038,3940.700325,Whakatane,NA
109,197,Lamy et al (2015),64,"Gendron, Moorea",Moorea,E. Pacific,-17.5049999,-149.928,fringing,outer slope,10,10,Disease,2006,39.44,2006,9.53,2009,6.54,2010,3,1,-2.99,NA,-9.97,NA,26354,22454,11756,3160,1332,1216.341934,Outside,No,0,0,0,NA,NA,NA,NA,NA,NA,NA,1428,221,3941064.005,4038,3941.064005,Whakatane,NA
110,198,Hobbs et al (2015),65,"Christmas Island, Australia",Australia,Indian Ocean,-10.4999999,105.6666667,fringing,slope,5,5,Disease,2008,11,2005,0.9,2008,2.15,2011,3,3,0.416666667,NA,-3.366666667,NA,4007,4007,4007,4007,3603,NA,Outside,No,0,0,0,NA,NA,NA,NA,NA,NA,NA,321,54,1157635.524,123,1157.635524,Indragi,NA
111,199,Hobbs et al (2015),65,"Christmas Island, Australia",Australia,Indian Ocean,-10.4999999,105.6666667,fringing,slope,20,20,Disease,2008,15.55,2005,6.86,2008,8.28,2011,3,3,0.473333333,NA,-2.896666667,NA,4007,4007,4007,4007,3603,NA,Outside,No,0,0,0,NA,NA,NA,NA,NA,NA,NA,321,54,1157635.524,123,1157.635524,Indragi,NA
112,2,Emslie et al 2008,1,"Wreck Island, GBR, Australia",Australia,W. Pacific,-23.3302789,151.930855,barrier,slope,6,9,Storm,1993,86.7,1987,8.2,1993,66.5,2003,6,10,5.83,5.83,-13.08333333,357,35237,28,8,4,0,72852.79332,Inside,Yes,0,0,0,Great Barrier Reef,Marine Park,National,IV: Protected Seascape: Habitat / Species Management Area,Part,Designated,2004,1329,194,115805.8468,23,115.8058468,Fitzroy,NA
113,20,Buckley et al 2008; Stobart et al 2002,12,"Assomption, Seychelles (10m site)",Seychelles,Indian Ocean,-9.699999902,46.5,fringing,slope,10,10,Bleaching,1998,NA,n/a,12.2,2002,23.3,2006,NA,4,2.775,2.78,NA,301,0,0,0,0,0,NA,Outside,No,0,0,0,NA,NA,NA,NA,NA,NA,NA,10,2,896063.0366,18,896.0630366,Maningory,NA
114,200,Bahr et al (2015),66,"Kaneohe Bay, Hawaii",Hawaii,E. Pacific,21.46666676,-157.8,fringing,patch reef,,,Bleaching,1996,38.03,1992,15.59,2001,58.69,2014,9,13,3.315384615,NA,-2.493333333,NA,90613,82283,77719,43184,7540,NA,Outside,No,0,0,0,NA,NA,NA,NA,NA,NA,NA,368,60,3932123.626,251,3932.123626,San Joaquin,NA
115,201,McClanahan (2014),67,"Malindi, Kenya",Kenya,Indian Ocean,-3.256903902,40.141754,"fringing, back reef lagoon",,0.3,1.5,Bleaching,1998,44.6,1997,8.5,1999,28.5,2011,2,12,1.666666667,NA,-18.05,NA,237195,141146,72209,21484,3948,1514.001381,Inside,Yes,31,12,100,Mallindi,Marine National Park,National,II: National Park,Not Reported,Designated,1968,602,91,273287.1068,25,273.2871068,Pangani,NA
116,202,McClanahan (2014),67,"Watamu, Kenya",Kenya,Indian Ocean,-3.381081902,40.000722,"fringing, back reef lagoon",,0.3,1.5,Bleaching,1998,34.2,1997,9.4,1999,27.5,2011,2,12,1.508333333,NA,-12.4,NA,251936,163654,91526,25774,3574,1488.524232,Inside,Yes,31,12,100,Watamu,Marine National Park,National,Not Reported,Not Reported,Designated,1968,602,91,253815.0775,25,253.8150775,Pangani,NA
117,203,McClanahan (2014),67,"Mombasa, Kenya",Kenya,Indian Ocean,-3.979999902,39.75,"fringing, back reef lagoon",,0.3,1.5,Bleaching,1998,30.9,1997,13.4,1999,20.6,2011,2,12,0.6,NA,-8.75,NA,271451,173161,85210,25578,5445,720.7680534,Outside,No,0,0,0,NA,NA,NA,NA,NA,NA,NA,602,91,181781.3525,25,181.7813525,Pangani,NA
118,204,McClanahan (2014),67,"Vipingo, Kenya",Kenya,Indian Ocean,-3.833904902,39.827855,"fringing, back reef lagoon",,0.3,1.5,Bleaching,1998,22.4,1997,11.1,1999,11.8,2011,2,12,0.058333333,NA,-5.65,NA,276269,172670,81041,22253,3840,1174.707109,Outside,No,0,0,0,NA,NA,NA,NA,NA,NA,NA,602,91,200200.273,25,200.200273,Pangani,NA
119,205,McClanahan (2014),67,"Kanamai, Kenya",Kenya,Indian Ocean,-3.920471902,39.793145,"fringing, back reef lagoon",,0.3,1.5,Bleaching,1998,22.3,1997,16.8,1999,34.9,2011,2,12,1.508333333,NA,-2.75,NA,272487,169564,82074,24091,3953,834.6471588,Outside,No,0,0,0,NA,NA,NA,NA,NA,NA,NA,602,91,189884.7774,25,189.8847774,Pangani,NA
120,206,McClanahan (2014),67,"Ras Iwatine, Kenya",Kenya,Indian Ocean,-4.069999902,39.69,"fringing, back reef lagoon",,0.3,1.5,Bleaching,1998,19.9,1997,10.9,1999,26.4,2011,2,12,1.291666667,NA,-4.5,NA,271998,179393,88754,26955,5527,1864.62403,Outside,No,0,0,0,NA,NA,NA,NA,NA,NA,NA,602,91,169811.7368,25,169.8117368,Pangani,NA
121,207,McClanahan (2014),67,"Diani, Kenya",Kenya,Indian Ocean,-4.259999902,39.6,"fringing, back reef lagoon",,0.3,1.5,Bleaching,1998,18.3,1997,3,1999,7,2011,2,12,0.333333333,NA,-7.65,NA,280845,170611,86590,22443,4427,882.7917676,Inside,Yes,4,12,100,Diani Chale,Marine National Reserve,National,V: Protected SeascapeI: Protected area with sustainable use of natural resources,Not Reported,Designated,1995,602,91,146441.4535,25,146.4414535,Pangani,NA
122,208,Graham et al (2014),68,"Trunk Reef, GBR, Australia",Australia,W. Pacific,-18.3599999,146.83,fringing,mid-shelf,7,9,"COTS, Bleaching",1999-2003,31.73,1996,3.06,2005,6.07,2008,9,3,1.003333333,NA,-3.185555556,NA,82835,18164,910,0,0,44289.86541,Inside,Yes,1,3,100,Great Barrier Reef,Marine Park,National,IV: Protected Seascape: Habitat / Species Management Area,Part,Designated,2004,1329,194,707049.4622,23,707.0494622,Fitzroy,NA
123,209,Graham et al (2014),68,"Rib Reef, GBR, Australia",Australia,W. Pacific,-18.4799999,146.87,fringing,mid-shelf,7,9,"COTS, Bleaching",1999-2003,66.06,1995,3.94,2003,23.06,2009,8,6,3.186666667,NA,-7.765,NA,99172,17734,1010,0,0,35197.12841,Inside,Yes,0,5,83.33333333,Great Barrier Reef,Marine Park,National,V: Protected SeascapeI: Protected area with sustainable use of natural resources,None,Designated,2004,1329,194,693709.1521,23,693.7091521,Fitzroy,NA
124,21,Buckley et al 2008; Stobart et al 2002,12,"Assomption, Seychelles (20m site)",Seychelles,Indian Ocean,-9.699999902,46.5,fringing,slope,20,20,Bleaching,1998,NA,n/a,31,2002,35.8,2006,NA,4,1.2,1.2,NA,301,0,0,0,0,0,NA,Outside,No,0,0,0,NA,NA,NA,NA,NA,NA,NA,10,2,896063.0366,18,896.0630366,Maningory,NA
125,210,Graham et al (2014),68,"John Brewer reef, GBR, Australia",Australia,W. Pacific,-18.6299999,147.05,fringing,mid-shelf,7,9,"COTS, Bleaching",1999-2003,23.94,1995,2,2003,3.85,2009,8,6,0.308333333,NA,-2.7425,NA,94665,7314,530,0,0,40659.90854,Inside,Yes,0,5,83.33333333,Great Barrier Reef,Marine Park,National,IV: Protected Seascape: Habitat / Species Management Area,Part,Designated,2004,1329,194,669103.4001,23,669.1034001,Fitzroy,NA
126,211,Glynn et al (2014),69,"Uva Island, Panama",Panama,E. Pacific,7.812980653,-81.75972222,fringing,slope,3,7,Bleaching,"1983, 1997",13.1,1996,12.74,1998,34.25,2010,2,12,1.7925,NA,-0.18,NA,364368,190403,68723,4498,126,NA,Inside,Yes,6,12,100,Coiba,National Park,National,II: National Park,Not Reported,Designated,1992,1153,179,144618.8981,208,144.6188981,Santa Maria,NA
127,212,Edmunds et al (2015),70,"LTER 1, Moorea",Moorea,E. Pacific,-17.4799999,-149.85,fringing,slope,10,10,Bleaching,2002,49.22,2001,44.06,2003,50.47,2004,2,1,6.41,NA,-2.58,NA,26354,23970,15786,3160,2836,152.2588469,Outside,No,0,0,0,NA,NA,NA,NA,NA,NA,NA,1428,221,3949080.544,4038,3949.080544,Whakatane,NA
128,213,Edmunds et al (2015),70,"LTER 1, Moorea",Moorea,E. Pacific,-17.4799999,-149.85,fringing,slope,10,10,Storm,1992,50.94,1991,22.19,1993,49.22,2001,2,8,3.37875,NA,-14.375,NA,26354,23970,15786,3160,2836,152.2588469,Outside,No,0,0,0,NA,NA,NA,NA,NA,NA,NA,1428,221,3949080.544,4038,3949.080544,Whakatane,NA
129,214,Rodgers et al (2015),71,"Kanahena Point., Hawaii",Hawaii,E. Pacific,20.6000001,-156.44,fringing,slope,10,10,COTS,2005,38.44,1999,10.31,2007,25.63,2012,8,5,3.064,NA,-3.51625,NA,109287,79172,63178,18830,2841,1290.176179,Inside,Yes,34,5,100,Ahihi-Kinau,Natural Area Reserve,National,Ia: Strict Nature ReserV: Protected Seascapee,Not Reported,Designated,1973,368,60,3877045.965,251,3877.045965,San Joaquin,NA
130,215,Buglass et al (2015),72,"Outer Buccoo, Tobago",Tobago,Caribbean,11.1900001,-60.82,fringing,slope,8,12,Bleaching,2010,28.3,2010,18.1,2011,20.2,2013,1,2,1.05,NA,-10.2,NA,94765,36059,14816,9163,3194,343.8960008,Inside,Yes,41,2,100,Buccoo Reef,Marine Reserve,National,IV: Protected Seascape: Habitat / Species Management Area,Not Reported,Designated,1970,1098,171,203780.9406,162,203.7809406,Orinoco,NA
131,216,Buglass et al (2015),72,"Western Buccoo, Tobago",Tobago,Caribbean,11.1800001,-60.85,fringing,slope,8,12,Bleaching,2010,20.2,2010,12.5,2011,13.6,2013,1,2,0.55,NA,-7.7,NA,100868,41053,15893,7994,2073,532.2778312,Outside,No,0,0,0,NA,NA,NA,NA,NA,NA,NA,1098,171,201198.4506,162,201.1984506,Orinoco,NA
132,217,Buglass et al (2015),72,"Colloden East, Tobago",Tobago,Caribbean,11.2500001,-60.75,fringing,slope,8,12,Bleaching,2010,24.3,2010,14.3,2011,12.2,2013,1,2,-1.05,NA,-10,NA,68650,23050,12246,11896,5429,439.0361496,Outside,No,0,0,0,NA,NA,NA,NA,NA,NA,NA,1098,171,213403.5839,162,213.4035839,Orinoco,NA
133,218,Buglass et al (2015),72,"Culloden West, Tobago",Tobago,Caribbean,11.2500001,-60.75,fringing,slope,8,12,Bleaching,2010,27.6,2010,12.5,2011,16,2013,1,2,1.75,NA,-15.1,NA,68650,23050,12246,11896,5429,439.0361496,Outside,No,0,0,0,NA,NA,NA,NA,NA,NA,NA,1098,171,213403.5839,162,213.4035839,Orinoco,NA
134,219,Buglass et al (2015),72,"Black Jack Hole, Tobago",Laba,Caribbean,11.3000001,-60.5,fringing,slope,8,12,Bleaching,2010,15.6,2010,17.2,2011,13,2013,1,2,-2.1,NA,1.6,NA,26030,13015,12180,8018,2262,2626.50067,Outside,No,0,0,0,NA,NA,NA,NA,NA,NA,NA,1098,171,233058.2816,162,233.0582816,Orinoco,NA
135,22,Buckley et al 2008; Stobart et al 2002,12,"Astove, Seychelles (10m site)",Seychelles,Indian Ocean,-10.0799999,47.75,fringing,slope,10,10,Bleaching,1998,NA,n/a,32.4,2002,35.9,2005,NA,3,1.166666667,1.17,NA,299,0,0,0,0,0,NA,Outside,No,0,0,0,NA,NA,NA,NA,NA,NA,NA,10,2,815814.506,18,815.814506,Maningory,NA
136,220,Madin et al (2018),73,"Lizard Island, GBR",Australia,W. Pacific,-14.6687999,145.4594,fringing,,1,2,Storm,2014,35.676,2014,19.69,2015,NA,N/A,1,NA,NA,NA,-15.986,NA,42516,22980,6348,44,40,NA,Inside,Yes,34,0,0,Great Barrier Reef,World Heritage Site (natural or mixed),International,Not Applicable,Not Reported,Inscribed,1981,1081,167,1086527.058,22,1086.527058,Roper,NA
137,221,Manzello (2018),74,"Cheeca Rocks patch reef, Florida Keys, USA",Florida,Caribbean,24.8977001,-80.6182,,,2,6,Bleaching,2015,31.5,2015,30.3,2016,NA,N/A,1,NA,NA,NA,-1.2,NA,123407,68366,25261,1927,502,2629.660261,Inside,Yes,26,0,0,Florida Keys,National Marine Sanctuary,National,V: Protected Seascape,Part,Designated,1990,990,159,616852.4448,206,616.8524448,Saint Johns,NA
138,222,Arias-Gonzalez et al (2017),75,"Mahahual, Mexico",Mexico,Caribbean,18.7100001,-87.71,fringing,slope,12,18,Bleaching,1998,32.55,1997,25.68,1998,30,1999,1,1,4.32,NA,-6.87,NA,259587,148474,74961,25564,4740,480.0251982,Outside,No,0,0,0,NA,NA,NA,NA,NA,NA,NA,767,121,310479.839,207,310.479839,Ula,NA
139,223,Arias-Gonzalez et al (2017),75,"Mahahual, Mexico",Mexico,Caribbean,18.7100001,-87.71,fringing,slope,12,18,"Disease, Dredging",1999,30,1990,20.2,2000,25.01,2001,10,1,4.81,NA,-0.98,NA,259587,148474,74961,25564,4740,480.0251982,Outside,No,0,0,0,NA,NA,NA,NA,NA,NA,NA,767,121,310479.839,207,310.479839,Ula,NA
140,23,Buckley et al 2008; Stobart et al 2002,12,"Astove, Seychelles (20m site)",Seychelles,Indian Ocean,-10.0799999,47.75,fringing,slope,20,20,Bleaching,1998,NA,n/a,17.4,2002,22.4,2005,NA,3,1.666666667,1.67,NA,299,0,0,0,0,0,NA,Outside,No,0,0,0,NA,NA,NA,NA,NA,NA,NA,10,2,815814.506,18,815.814506,Maningory,NA
141,24,Buckley et al 2008; Stobart et al 2002,12,"St. Pierre, Seychelles (10m site)",Seychelles,Indian Ocean,-9.328991481,50.725447,fringing,slope,10,10,Bleaching,1998,NA,n/a,15,2002,33,2004,NA,2,9,9,NA,293,0,0,0,0,0,NA,Outside,No,0,0,0,NA,NA,NA,NA,NA,NA,NA,10,2,888807.0872,18,888.8070872,Maningory,NA
142,25,Buckley et al 2008; Stobart et al 2002,12,"St. Pierre, Seychelles (20m site)",Seychelles,Indian Ocean,-9.328991481,50.725447,fringing,slope,20,20,Bleaching,1998,NA,n/a,25.2,2002,36.9,2005,NA,3,3.9,3.9,NA,293,0,0,0,0,0,NA,Outside,No,0,0,0,NA,NA,NA,NA,NA,NA,NA,10,2,888807.0872,18,888.8070872,Maningory,NA
143,26,Connell et al. 1997,13,"Heron Island, GBR exposed pools",Australia,W. Pacific,-23.4419999,151.914,barrier,slope,1,1,Storm,1967,57.6,1966,0.1,1967,83.03,1986,1,19,4.364736842,4.36,-57.5,357,57921,3030,8,4,0,NA,Inside,Yes,0,5,26.31578947,Great Barrier Reef,World Heritage Site (natural or mixed),International,Not Applicable,Not Reported,Inscribed,1981,1329,194,112564.5045,23,112.5645045,Fitzroy,NA
144,27,Connell et al. 1997,13,"Heron Island, GBR exposed crest 1962-1971",Australia,W. Pacific,-23.4419999,151.914,barrier,crest,0.5,0.5,Storm,1967,75.4,1966,50.37,1967,70.4,1971,1,4,5.0075,5.01,-25.03,357,57921,3030,8,4,0,NA,Inside,Yes,0,0,0,Great Barrier Reef,World Heritage Site (natural or mixed),International,Not Applicable,Not Reported,Inscribed,1981,1329,194,112564.5045,23,112.5645045,Fitzroy,NA
145,28,Connell et al. 1997,13,"Heron Island, GBR exposed crest 1971-1992",Australia,W. Pacific,-23.4419999,151.914,barrier,crest,0.5,0.5,Storm,1972,70.4,1971,0.07,1972,20.2,1992,1,20,1.0065,1.01,-70.33,357,57921,3030,8,4,0,NA,Inside,Yes,0,11,55,Great Barrier Reef,World Heritage Site (natural or mixed),International,Not Applicable,Not Reported,Inscribed,1981,1329,194,112564.5045,23,112.5645045,Fitzroy,NA
146,29,Colgan 1987,14,"Tanguisson Reef, Guam, Reef Front",Guam,W. Pacific,13.54361066,144.8071029,fringing,slope,1,6,COTS,1968-1969,NA,n/a,20.9,1970,43.7,1981,NA,11,2.072727273,2.07,NA,264,31529,27853,27763,22711,8958,133.8535325,Outside,No,0,0,0,NA,NA,NA,NA,NA,NA,NA,122,16,1954589.691,83,1954.589691,Ramu,NA
147,3,Halford et al. 2004,2,"John Brewer, GBR",GBR,W. Pacific,-18.63197,147.0189732,barrier,slope,6,9,COTS,1983-1984,66,1982,3.48,1985,66.29,1996,3,11,5.71,5.71,-20.84,412,99300,10983,710,0,0,NA,Inside,No,0,0,0,Great Barrier Reef,Marine Park,National,V: Protected SeascapeI: Protected area with sustainable use of natural resources,None,Designated,2004,1329,194,670811.0711,23,670.8110711,Fitzroy,NA
148,30,Colgan 1987,14,"Tanguisson Reef, Guam, Submarine Terrace",Guam,W. Pacific,13.54361066,144.8071029,fringing,slope,6,16,COTS,1968-1969,NA,n/a,0.9,1970,65.9,1981,NA,11,5.909090909,5.91,NA,264,31529,27853,27763,22711,8958,133.8535325,Outside,No,0,0,0,NA,NA,NA,NA,NA,NA,NA,122,16,1954589.691,83,1954.589691,Ramu,NA
149,31,Colgan 1987,14,"Tanguisson Reef, Guam, Seaward Slope",Guam,W. Pacific,13.54361066,144.8071029,fringing,slope,16,33,COTS,1968-1969,NA,n/a,0.5,1970,36.2,1981,NA,11,3.245454545,3.25,NA,264,31529,27853,27763,22711,8958,133.8535325,Outside,No,0,0,0,NA,NA,NA,NA,NA,NA,NA,122,16,1954589.691,83,1954.589691,Ramu,NA
150,32,Sheppard et al 2008,15,"Northern Atolls, Chagos (5m)",Chagos (5m),Indian Ocean,-5.33,72.08,atoll,slope,5,5,Bleaching,1998,65.4,1978,12.97,2001,34.92,2006,23,5,4.39,4.39,-2.279565217,335,0,0,0,0,0,NA,Inside,No,0,0,0,British Indian Ocean Territory Marine Protected Area (Chagos),Marine Protected Area,National,Not Reported,All,Designated,2010,1379,204,1778155.306,145,1778.155306,NA,NA
151,33,Sheppard et al 2008,15,"Northern Atolls, Chagos (10m)",Chagos (10m),Indian Ocean,-5.33,72.08,atoll,slope,8,10,Bleaching,1998,65.4,1978,10.16,2001,30,2006,23,5,3.968,3.97,-2.40173913,335,0,0,0,0,0,NA,Inside,No,0,0,0,British Indian Ocean Territory Marine Protected Area (Chagos),Marine Protected Area,National,Not Reported,All,Designated,2010,1379,204,1778155.306,145,1778.155306,NA,NA
152,34,Sheppard et al 2008,15,"Northern Atolls, Chagos (20m)",Chagos (20m),Indian Ocean,-5.33,72.08,atoll,slope,20,20,Bleaching,1998,65.4,1978,17.78,2001,26.67,2006,23,5,1.778,1.78,-2.070434783,335,0,0,0,0,0,NA,Inside,No,0,0,0,British Indian Ocean Territory Marine Protected Area (Chagos),Marine Protected Area,National,Not Reported,All,Designated,2010,1379,204,1778155.306,145,1778.155306,NA,NA
153,35,Sheppard et al 2008,15,"Northern Atolls, Chagos (25m)",Chagos (25m),Indian Ocean,-5.33,72.08,atoll,slope,25,25,Bleaching,1998,80,1978,24.13,2001,28.57,2006,23,5,0.888,0.89,-2.429130435,335,0,0,0,0,0,NA,Inside,No,0,0,0,British Indian Ocean Territory Marine Protected Area (Chagos),Marine Protected Area,National,Not Reported,All,Designated,2010,1379,204,1778155.306,145,1778.155306,NA,NA
154,36,Arthur et al 2006,16,"Agatti West, Lakshadweep",Lakshadweep,Indian Ocean,10.87304576,72.17781816,atoll,slope,5,12,Bleaching,1998,NA,n/a,13.68,2000,35.09,2003,NA,3,7.136666667,7.14,NA,97,0,0,0,0,0,1543.051239,Outside,No,0,0,0,NA,NA,NA,NA,NA,NA,NA,596,90,806481.6419,282,806.4816419,Cauvery,NA
155,37,Arthur et al 2006,16,"Agatti East, Lakshadweep",Lakshadweep,Indian Ocean,10.84230401,72.1891455,atoll,slope,5,12,Bleaching,1998,NA,n/a,5.12,2000,11.74,2001,NA,1,6.62,6.62,NA,97,0,0,0,0,0,162.4930544,Outside,No,0,0,0,NA,NA,NA,NA,NA,NA,NA,596,90,805040.5951,282,805.0405951,Cauvery,NA
156,38,Arthur et al 2006,16,"Kadmat West, Lakshadweep",Lakshadweep,Indian Ocean,11.20699333,72.75007911,atoll,slope,5,12,Bleaching,1998,NA,n/a,4.73,2000,20.3,2003,NA,3,5.19,5.19,NA,97,0,0,0,0,0,2244.539389,Outside,No,0,0,0,NA,NA,NA,NA,NA,NA,NA,596,90,747538.2613,282,747.5382613,Cauvery,NA
157,39,Arthur et al 2006,16,"Kadmat East, Lakshadweep",Lakshadweep,Indian Ocean,11.20149154,72.77007506,atoll,slope,5,12,Bleaching,1998,NA,n/a,4.34,2000,7.84,2003,NA,3,1.166666667,1.17,NA,97,0,0,0,0,0,101.3696661,Outside,No,0,0,0,NA,NA,NA,NA,NA,NA,NA,596,90,745297.7244,282,745.2977244,Cauvery,NA
158,4,Halford et al. 2004,2,"Lodestone, GBR",Australia,W. Pacific,-18.6894696,147.071795,barrier,slope,6,9,COTS,1983-1984,66,1982,6.86,1985,59.43,1996,3,11,4.779090909,4.78,-19.71333333,412,102336,19298,410,0,0,NA,Inside,No,0,0,0,Great Barrier Reef,Marine Park,National,V: Protected SeascapeI: Protected area with sustainable use of natural resources,None,Designated,2004,1329,194,662367.9992,23,662.3679992,Fitzroy,NA
159,40,Hagan & Spencer 2008,17,"Alphonse Atoll, Seychelles",Seychelles,Indian Ocean,-7.000804335,52.71916488,atoll,slope,3.5,18,Bleaching,1998,NA,n/a,10.3,1999,22.6,2003,NA,4,3.075,3.08,NA,302,0,0,0,0,0,2544.931355,Outside,No,0,0,0,NA,NA,NA,NA,NA,NA,NA,10,2,1191232.335,18,1191.232335,Maningory,NA
160,41,Edmunds 2002,18,"St. John, US Virgin Islands Yawzi Point",USVI,Caribbean,18.3152001,-64.725,fringing,slope,9,9,Storm,1989,45.45,1989,32.52,1989,35.87,1994,0,5,0.67,0.67,NA,55,34415,25568,11312,8760,2354,115.3440325,Inside,Yes,33,5,100,Virgin Islands,National Park,National,V: Protected Seascape,Part,Designated,1956,1098,170,991302.569,162,991.302569,Orinoco,NA
161,42,Edmunds 2002,18,"St. John, US Virgin Islands Tektite Reef",USVI,Caribbean,18.3097001,-64.72285,fringing,slope,14,14,Storm,1989,36.6,1989,37.87,1989,40.3,1994,0,5,0.486,NA,NA,NA,34265,25534,11312,8575,2300,316.3944581,Inside,Yes,33,5,100,Virgin Islands,National Park,National,V: Protected Seascape,Part,Designated,1956,1098,170,990651.8984,162,990.6518984,Orinoco,NA
162,43,Edmunds 2002,18,"St. John, USVI, Site 2",USVI,Caribbean,18.30673343,-64.7218,fringing,slope,9,9,Storm,1996,6.77,1995,6.16,1996,8.5,1998,1,2,1.17,NA,-0.61,NA,34265,25534,11312,8533,2300,554.7565731,Inside,Yes,40,2,100,Virgin Islands,National Park,National,V: Protected Seascape,Part,Designated,1956,1098,170,990304.0204,162,990.3040204,Orinoco,NA
163,44,Edmunds 2002,18,"St. John, USVI, Site 5",USVI,Caribbean,18.31266676,-64.72305,fringing,slope,9,9,Storm,1996,2.26,1995,1.06,1996,1.37,1998,1,2,0.155,NA,-1.2,NA,34265,25534,11312,8718,2336,35.50503117,Inside,Yes,40,2,100,Virgin Islands,National Park,National,V: Protected Seascape,Part,Designated,1956,1098,170,990975.8363,162,990.9758363,Orinoco,NA
164,45,Edmunds 2002,18,"St. John, USVI, Site 6",USVI,Caribbean,18.31136676,-64.7228,fringing,slope,9,9,Storm,1996,8.34,1995,4.36,1996,6.66,1998,1,2,1.15,NA,-3.98,NA,34265,25534,11312,8655,2300,150.4686998,Inside,Yes,40,2,100,Virgin Islands,National Park,National,V: Protected Seascape,Part,Designated,1956,1098,170,990829.3129,162,990.8293129,Orinoco,NA
165,46,Edmunds 2002,18,"St. John, USVI, Site 9",USVI,Caribbean,18.31713343,-64.72778333,fringing,slope,7,7,Storm,1996,2.2,1995,4.07,1996,3.19,1998,1,2,-0.44,NA,1.87,NA,34959,25610,11312,8802,2354,165.6740665,Inside,Yes,40,2,100,Virgin Islands,National Park,National,V: Protected Seascape,Part,Designated,1956,1098,170,991588.4372,162,991.5884372,Orinoco,NA
166,47,Edmunds 2002,18,"St. John, USVI, Site 11",USVI,Caribbean,18.31626676,-64.72971667,fringing,slope,9,9,Storm,1996,0.71,1995,1.26,1996,3.95,1998,1,2,1.345,NA,0.55,NA,35075,25686,11312,8809,2354,16.02717841,Inside,Yes,40,2,100,Virgin Islands,National Park,National,V: Protected Seascape,Part,Designated,1956,1098,170,991549.9965,162,991.5499965,Orinoco,NA
167,48,Edmunds 2002,18,"St. John, USVI, Site 15",USVI,Caribbean,18.31516676,-64.73278333,fringing,slope,9,9,Storm,1996,4.47,1995,2.54,1996,3.3,1998,1,2,0.38,NA,-1.93,NA,35191,25796,11312,8913,2354,277.3019247,Inside,Yes,40,2,100,Virgin Islands,National Park,National,V: Protected Seascape,Part,Designated,1956,1098,170,991518.5962,162,991.5185962,Orinoco,NA
168,49,Naim et al 2000,19,"St. Leu, Reunion Island (both sites)",Reunion,Indian Ocean,-21.1649999,55.285,fringing,flat,0.5,2,Storm,1989,NA,n/a,7.2,1993,36,2000,NA,7,4.114285714,4.11,NA,299,83667,83667,78105,30319,6238,609.0309958,Inside,No,0,0,0,Marine de la Runion,National Nature Reserve,National,IV: Protected Seascape: Habitat / Species Management Area,Not Reported,Designated,2007,10,2,753535.9014,18,753.5359014,Maningory,NA
169,5,Halford et al. 2004,2,"Rib, GBR",Australia,W. Pacific,-18.4810909,146.8381343,barrier,slope,6,9,COTS,1983-1984,73.14,1982,12,1985,80,1996,3,11,6.181818182,6.18,-20.38,413,105490,23065,1010,0,0,NA,Inside,No,0,0,0,Great Barrier Reef,Marine Park,National,V: Protected SeascapeI: Protected area with sustainable use of natural resources,None,Designated,2004,1329,194,695570.5477,23,695.5705477,Fitzroy,NA
170,50,"Robbart et al, 2004",21,"Belize, Wee Wee",Belize,Caribbean,16.764905,-88.14644291,barrier,mixed,1,15,Bleaching,1998,NA,n/a,13.87,1999,27.05,2001,NA,2,6.59,6.59,NA,58,161890,82585,36063,5211,14,NA,Inside,Yes,3,2,100,South Water Caye,Marine Reserve,National,IV: Protected Seascape: Habitat / Species Management Area,Not Reported,Designated,1996,767,121,104016.4018,207,104.0164018,Ula,NA
171,51,"Robbart et al, 2004",21,"Belize, Peter Douglas",Belize,Caribbean,16.7098977,-88.17570962,barrier,mixed,1,15,Bleaching,1998,NA,n/a,20.81,1999,24.68,2002,NA,3,1.29,1.29,NA,58,165239,82408,36874,6070,0,NA,Inside,Yes,3,3,100,South Water Caye,Marine Reserve,National,IV: Protected Seascape: Habitat / Species Management Area,Not Reported,Designated,1996,767,121,99979.75366,207,99.97975366,Ula,NA
172,52,"Robbart et al, 2004",21,"Belize, Tunicate",Belize,Caribbean,16.7000001,-88.1,barrier,mixed,1,15,Bleaching,1998,NA,n/a,7.86,1999,15.24,2001,NA,2,3.69,3.69,NA,58,146664,69739,28720,1050,0,NA,Outside,No,0,0,0,NA,NA,NA,NA,NA,NA,NA,767,121,95373.95337,207,95.37395337,Ula,NA
173,53,"Diaz-Pulido et al, 2009",22,"Middle Island, GBR",Australia,W. Pacific,-23.16493324,150.9236667,barrier,slope,4,7,Bleaching,Jan/Feb 2006,78.91,2006,17.97,2006,64.4,2008,0.5,1.5,NA,NA,-121.88,390,216371,131370,55203,7451,238,1584.957514,Inside,Yes,2,2,100,Great Barrier Reef,Marine Park,National,II: National Park,All,Designated,2004,1329,194,39888.97616,23,39.88897616,Fitzroy,NA
174,54,"Diaz-Pulido et al, 2009",22,"Halfway Island, GBR",Australia,W. Pacific,-23.20321657,150.9697833,barrier,slope,4,7,Bleaching,Jan/Feb 2006,88.24,2006,30.2,2006,77.76,2008,0.5,1.5,NA,NA,-116.08,390,214883,127599,48104,3577,230,1630.938767,Inside,Yes,2,2,100,Great Barrier Reef,Marine Park,National,V: Protected SeascapeI: Protected area with sustainable use of natural resources,None,Designated,2004,1329,194,37561.34145,23,37.56134145,Fitzroy,NA
175,55,"Diaz-Pulido et al, 2009",22,"Barren Island, GBR",Australia,W. Pacific,-23.16326657,151.0917833,barrier,slope,4,7,Bleaching,Jan/Feb 2006,78.43,2006,31.77,2006,81.76,2008,0.5,1.5,NA,NA,-93.32,390,189858,102952,22697,278,0,10419.47365,Inside,Yes,2,2,100,Great Barrier Reef,Marine Park,National,V: Protected SeascapeI: Protected area with sustainable use of natural resources,None,Designated,2004,1329,194,47811.85753,23,47.81185753,Fitzroy,NA
176,56,"Diaz-Pulido et al, 2009",22,"North Keppel Island, GBR",Australia,W. Pacific,-23.08538324,150.8997167,barrier,slope,4,7,Bleaching,Jan/Feb 2006,46.67,2006,6.27,2006,11.45,2008,0.5,1.5,NA,NA,-80.8,390,207420,125931,53482,8649,38,473.2371243,Inside,Yes,2,2,100,Great Barrier Reef,Marine Park,National,V: Protected SeascapeI: Protected area with sustainable use of natural resources,None,Designated,2004,1329,194,47944.60851,23,47.94460851,Fitzroy,NA
177,57,Dollar 1982,23,"Boulder Zone, Hawaii Island",Hawaii,E. Pacific,19.506337,-156.002297,,boulder,1,3,Storm,1974,30.7,1973,27.47,1974,NA,N/A,1,NA,NA,0,-3.23,59,167363,109293,54639,17931,1955,4897.604811,Outside,No,0,0,0,NA,NA,NA,NA,NA,NA,NA,368,60,3916836.308,251,3916.836308,San Joaquin,NA
178,58,Dollar 1982,23,"Slope Zone, Hawaii Island",Hawaii,E. Pacific,19.506337,-156.002297,,slope,5,25,Storm,1974,75.6,1973,67.14,1974,NA,N/A,1,NA,NA,0,-8.46,59,167363,109293,54639,17931,1955,4897.604811,Outside,No,0,0,0,NA,NA,NA,NA,NA,NA,NA,368,60,3916836.308,251,3916.836308,San Joaquin,NA
179,59,Dollar 1982,23,"Rubble Zone, Hawaii Island",Hawaii,E. Pacific,19.506337,-156.002297,,rubble,25,40,Storm,1974,3,1973,4.6,1974,NA,N/A,1,NA,NA,NA,1.6,59,167363,109293,54639,17931,1955,4897.604811,Outside,No,0,0,0,NA,NA,NA,NA,NA,NA,NA,368,60,3916836.308,251,3916.836308,San Joaquin,NA
180,6,Sano 2000,3,"Iriomote Island, Japan",Japan,W. Pacific,24.33333343,123.7,fringing,mixed,1,1,COTS,1982,NA,n/a,0.1,1987,100,1995,NA,8,12.4875,12.49,NA,400,18590,18422,12540,7564,2348,881.1052057,Inside,No,0,0,0,Common fishery right area(Okinawa),Common fishery right area,National,V: Protected SeascapeI: Protected area with sustainable use of natural resources,Not Reported,Designated,2003,1242,183,524297.4118,278,524.2974118,Ou,NA
181,60,Guillemot et al 2010,24,"Barrier reefs far from pass, New Caledonia",New Caledonia,W. Pacific,-21.12864061,164.6737591,barrier,inner slope,1,5,Storm,2003,10.1,2002,5.2,2004,NA,N/A,2,NA,NA,NA,-2.45,384,194816,140287,70285,15094,421,5839.926628,Outside,No,0,0,0,NA,NA,NA,NA,NA,NA,NA,126,17,1320097.407,23,1320.097407,Burnett,NA
182,61,Guillemot et al 2010,24,"barrier reefs near pass, New Caledonia",New Caledonia,W. Pacific,-21.12864061,164.6737591,barrier,inner slope,1,5,Storm,2003,16.1,2002,8.31,2004,NA,N/A,2,NA,NA,NA,-3.895,384,194816,140287,70285,15094,421,5839.926628,Outside,No,0,0,0,NA,NA,NA,NA,NA,NA,NA,126,17,1320097.407,23,1320.097407,Burnett,NA
183,62,Guillemot et al 2010,24,"Patch reefs, New Caledonia",New Caledonia,W. Pacific,-21.12864061,164.6737591,patch,,1,5,Storm,2003,18,2002,9.5,2004,NA,N/A,2,NA,NA,NA,-4.25,384,194816,140287,70285,15094,421,5839.926628,Outside,No,0,0,0,NA,NA,NA,NA,NA,NA,NA,126,17,1320097.407,23,1320.097407,Burnett,NA
184,63,Pratchett 2010,25,"Lizard Island, GBR",Australia,W. Pacific,-14.66969634,145.4605523,,,3,7,COTS,1995-1999,32.2,1996,22.2,N/A,NA,N/A,NA,NA,NA,NA,NA,420,42472,22964,6304,44,40,NA,Inside,Yes,0,0,0,Great Barrier Reef,World Heritage Site (natural or mixed),International,Not Applicable,Not Reported,Inscribed,1981,1081,167,1086648.321,22,1086.648321,Roper,NA
185,64,Pratchett et al 2009 ,26,"Bootless Bay, Papau New Guinea ",Papua New Guinea,Indian Ocean,-9.542953,147.2911645,fringing,mixed,1.5,12,COTS,2005,42.4,2005,19.14,2006,NA,N/A,1,NA,NA,NA,-23.26,404,242864,156684,82662,31344,4085,NA,Outside,No,0,0,0,NA,NA,NA,NA,NA,NA,NA,122,16,680973.0223,83,680.9730223,Ramu,NA
186,65,Spalding et al 2002 ,27,"West Alphonse, Seychelles Islands",Seychelles,Indian Ocean,-7.031644281,52.72216802,atoll,flat,15,15,Bleaching,1998,51,1998,7,1999,NA,N/A,1,NA,NA,NA,-44,303,0,0,0,0,0,3847.558606,Outside,No,0,0,0,NA,NA,NA,NA,NA,NA,NA,10,2,1188047.071,18,1188.047071,Maningory,NA
187,66,Spalding et al 2002 ,27,"North St. Pierre, Seychelles Islands",Seychelles,Indian Ocean,-9.3263697,50.72187497,shelf,sloping,15,15,Bleaching,1998,64,1998,3,1999,NA,N/A,1,NA,NA,NA,-61,303,0,0,0,0,0,97888.93009,Outside,No,0,0,0,NA,NA,NA,NA,NA,NA,NA,10,2,889036.0853,18,889.0360853,Maningory,NA
188,67,Spalding et al 2002 ,27,"South St. Pierre, Seychelles Islands ",Seychelles,Indian Ocean,-9.334037047,50.73470915,shelf,sloping,15,15,Bleaching,1998,29,1998,10,1999,NA,N/A,1,NA,NA,NA,-19,303,0,0,0,0,0,96443.9629,Outside,No,0,0,0,NA,NA,NA,NA,NA,NA,NA,10,2,888407.0564,18,888.4070564,Maningory,NA
189,68,Spalding et al 2002 ,27,"Cousine Island, Seychelles Islands",Seychelles,Caribbean,-4.347977566,55.64936834,fringing,fringing,8,10,Bleaching,1998,56,1997,0,1999,NA,N/A,2,NA,NA,NA,-28,303,0,0,0,0,0,88.48106098,Outside,No,0,0,0,NA,NA,NA,NA,NA,NA,NA,10,2,1583814.051,18,1583.814051,Maningory,NA
190,69,Crabbe 2009,28,"Discovery Bay, Jamaica",Jamaica,W. Pacific,18.4703904,-77.41167055,barrier,,5,8.5,Bleaching,2006,46,2005,13,2006,31,2008,1,2,9,9,-33,60,358658,290691,132641,34092,7182,1054.385178,Inside,No,0,0,0,Discovery Bay Fish,Fish Sanctuary,National,IV: Protected Seascape: Habitat / Species Management Area,Not Reported,Designated,2009,478,73,721808.2769,207,721.8082769,Coco,NA
191,7,Adjeroud et al 2009,4,"Tiahura Reef, Moorea",Moorea,E. Pacific,-17.4999999,-149.8333333,barrier,slope,12,12,Bleaching,1991,50.94,1991,24.9,1992,51.17,2004,1,12,2.189166667,2.19,-26.04,177,26354,24642,17046,3250,3160,NA,Outside,No,0,0,0,NA,NA,NA,NA,NA,NA,NA,1428,221,3948907.171,4038,3948.907171,Whakatane,NA
192,70,Done 1985,29,"John Brewer, GBR (1974-1983)",Australia,W. Pacific,-18.6332999,147.05,barrier,mixed,3,12,COTS,1969,6,1974,56.6,1983,NA,N/A,9,NA,NA,5.62,NA,412,95167,7974,540,0,0,40548.0942,Inside,No,0,0,0,Great Barrier Reef,Marine Park,National,IV: Protected Seascape: Habitat / Species Management Area,Part,Designated,2004,1329,194,668802.8504,23,668.8028504,Fitzroy,NA
193,71,Done 1985,29,"John Brewer, GBR (1983-1984)",Australia,W. Pacific,-18.6332999,147.05,barrier,mixed,3,12,COTS,1983,56.6,1983,3.33,1984,NA,N/A,1,NA,NA,NA,-53.27,412,95167,7974,540,0,0,40548.0942,Inside,No,0,0,0,Great Barrier Reef,Marine Park,National,IV: Protected Seascape: Habitat / Species Management Area,Part,Designated,2004,1329,194,668802.8504,23,668.8028504,Fitzroy,NA
194,72,Done et al 1988,30,"John Brewer reef, GBR",Australia,Indian Ocean,-18.6332999,147.05,barrier,mixed,3,12,COTS,"1969, 1983",NA,1979,2,1983,9.9,1988,4,5,1.58,1.58,0.5,412,95167,7974,540,0,0,40548.0942,Inside,No,0,0,0,Great Barrier Reef,Marine Park,National,IV: Protected Seascape: Habitat / Species Management Area,Part,Designated,2004,1329,194,668802.8504,23,668.8028504,Fitzroy,NA
195,73,Muhando & Lanshammar 2008,31,"Chumbe, Zanzibar, Tanzania, all hard corals",Tanzania,Indian Ocean,-6.278999902,39.177,barrier,,,,COTS,2002-2008,47.9,1994,23.2,1998,64.7,2008,4,10,4.15,4.15,-6.175,278,319833,183849,72348,12391,956,NA,Outside,No,0,0,0,NA,NA,NA,NA,NA,NA,NA,602,91,97895.64102,25,97.89564102,Pangani,NA
196,74,Muhando & Lanshammar 2008,31,"Bawe, Zanzibar, Tanzania, all hard corals",Tanzania,Indian Ocean,-6.174102648,39.19239411,barrier,,,,COTS,2002-2008,57.5,1992,43.2,2008,NA,N/A,16,NA,NA,NA,-0.89375,279,304587,155592,56606,19560,4775,NA,Outside,No,0,0,0,NA,NA,NA,NA,NA,NA,NA,602,91,86995.17819,25,86.99517819,Pangani,NA
197,75,Muhando & Lanshammar 2008,31,"Changuu, Zanzibar, Tanzania, all hard corals",Tanzania,Indian Ocean,-6.118999902,39.167,barrier,,3,10,COTS,"1996/97, 2002-2008",69.7,1992,50.7,1997,48,2008,5,11,-0.245454545,0,-3.8,279,310761,152049,55147,19318,3077,NA,Outside,No,0,0,0,NA,NA,NA,NA,NA,NA,NA,602,91,80336.88442,25,80.33688442,Pangani,NA
198,76,Edwards et al. 2001,32,Bandos Maldives,Maldives,Indian Ocean,4.269717098,73.49152779,atoll,mixed,,,Bleaching,1998,37.3,1997,4.1,1998,NA,N/A,1,NA,NA,NA,-33.2,245,0,0,0,0,0,NA,Outside,No,0,0,0,NA,NA,NA,NA,NA,NA,NA,596,90,948825.6449,282,948.8256449,Cauvery,NA
199,77,Edwards et al. 2001,32,"Male, Maldives",Maldives,Indian Ocean,4.283907274,73.45705253,atoll,mixed,,,Bleaching,1998,40.2,1997,1.3,1998,NA,N/A,1,NA,NA,NA,-38.9,245,0,0,0,0,0,NA,Outside,No,0,0,0,NA,NA,NA,NA,NA,NA,NA,596,90,950373.7798,282,950.3737798,Cauvery,NA
200,78,Edwards et al. 2001,32,Felidhu Maldives,Maldives,Indian Ocean,3.47439009,73.48102173,atoll,mixed,3,3,Bleaching,1998,57.5,1997,0,1998,NA,N/A,1,NA,NA,NA,-57.5,245,0,0,0,0,0,NA,Outside,No,0,0,0,NA,NA,NA,NA,NA,NA,NA,596,90,1014853.851,282,1014.853851,Cauvery,NA
201,79,Edwards et al. 2001,32,Felidhu Maldives,Maldives,Indian Ocean,3.47439009,73.48102173,atoll,mixed,10,10,Bleaching,1998,47.5,1997,2.5,1998,NA,N/A,1,NA,NA,NA,-45,245,0,0,0,0,0,NA,Outside,No,0,0,0,NA,NA,NA,NA,NA,NA,NA,596,90,1014853.851,282,1014.853851,Cauvery,NA
202,8,Golbuu et al 2007,5,Palau (west exposed),Palau,W. Pacific,7.530000098,134.56,fringing,slope,3,10,Bleaching,1998,NA,n/a,19,2001,30.5,2004,NA,3,3.833333333,3.83,NA,343,10049,9963,9692,9380,5108,NA,Outside,No,0,0,0,NA,NA,NA,NA,NA,NA,NA,111,13,1141705.669,144,1141.705669,NA,NA
203,80,Edwards et al. 2001,32,"Thuvaru, Maldives",Maldives,Indian Ocean,2.999900098,73.499,atoll,mixed,3,3,Bleaching,1998,28.1,1997,0,1998,NA,N/A,1,NA,NA,NA,-28.1,245,0,0,0,0,0,NA,Outside,No,0,0,0,NA,NA,NA,NA,NA,NA,NA,1379,204,1045083.684,145,1045.083684,NA,NA
204,81,Edwards et al. 2001,32,"Thuvaru, Maldives",Maldives,Indian Ocean,2.999900098,73.499,atoll,mixed,10,10,Bleaching,1998,40,1997,1.3,1998,NA,N/A,1,NA,NA,NA,-38.7,245,0,0,0,0,0,NA,Outside,No,0,0,0,NA,NA,NA,NA,NA,NA,NA,1379,204,1045083.684,145,1045.083684,NA,NA
205,82,Edwards et al. 2001,32,"Maduvvari, Maldi",Maldives,Indian Ocean,5.486339197,72.8965919,atoll,mixed,3,3,Bleaching,1998,53.8,1997,5,1998,NA,N/A,1,NA,NA,NA,-48.8,245,0,0,0,0,0,NA,Outside,No,0,0,0,NA,NA,NA,NA,NA,NA,NA,596,90,908896.8065,282,908.8968065,Cauvery,NA
206,83,Edwards et al. 2001,32,"Maduvvari, Maldi",Maldives,Indian Ocean,5.486339197,72.8965919,atoll,mixed,10,10,Bleaching,1998,33.8,1997,3.8,1998,NA,N/A,1,NA,NA,NA,-30,245,0,0,0,0,0,NA,Outside,No,0,0,0,NA,NA,NA,NA,NA,NA,NA,596,90,908896.8065,282,908.8968065,Cauvery,NA
207,84,Ostrander et al. 2000,33,"San Salvador Island, Bahamas",Bahamas,W. Pacific,24.0251985,-74.542957,,,2,2,Bleaching,1994,13.6,1994,5.2,1997,NA,N/A,3,NA,NA,NA,-2.8,53,15280,6226,5173,3842,2832,1517.367711,Inside,No,0,0,0,West Coast Dive Site,National Park,National,Not Reported,Not Reported,Designated,2015,990,159,980903.4868,206,980.9034868,Saint Johns,NA
208,85,Loya et al. 2001,34,"Sesko Island; Okinawa, Japan ",Japan,Indian Ocean,26.63333343,127.8666667,barrier ,flat,1,30,Bleaching,1998,36.4,1997,9.9,1999,NA,N/A,2,NA,NA,NA,-13.25,363,64442,64176,53399,23795,4124,1812.337593,Inside,No,0,0,0,Common fishery right area(Okinawa),Common fishery right area,National,V: Protected SeascapeI: Protected area with sustainable use of natural resources,Not Reported,Designated,2003,1242,183,739944.7629,278,739.9447629,Ou,NA
209,86,Rodgers and Miller 2006,36,"St. John, US Virgin Islands, Lameshur Reef",USVI,Caribbean,18.31436938,-64.72565295,fringing,flat,13.7,15,Storm,1989,23.2,1989,12.7,1989,12,1990,0.833333333,0.833333333,1.1,0,-12.6,55,34645,25568,11312,8760,2354,1.220861023,Inside,Yes,33,1,100,Virgin Islands,National Park,National,V: Protected Seascape,Part,Designated,1956,1098,170,991231.8393,162,991.2318393,Orinoco,NA
210,87,Rodgers and Miller 2006,36,"St. John, US Virgin Islands, Lameshur Reef",USVI,Caribbean,18.31436938,-64.72565295,fringing,flat,3,5,Storm,1995,NA,N/A,10.3,1995,10.7,1996,NA,1,1,0.32,NA,55,34645,25568,11312,8760,2354,1.220861023,Inside,Yes,39,1,100,Virgin Islands,National Park,National,V: Protected Seascape,Part,Designated,1956,1098,170,991231.8393,162,991.2318393,Orinoco,NA
211,88,Rodgers et al. 1982,37,"St. Croix, US Virgin Islands, Robin Bay",USVI,Caribbean,17.72276272,-64.62813964,shelf,crest,4,4,Storm,1979,27,1978,20,1979,NA,N/A,1.5,NA,NA,NA,-4.666666667,55,26856,14724,11065,9682,2940,1014.246517,Inside,No,0,0,0,St. Croix East End,Marine Park,National,IV: Protected Seascape: Habitat / Species Management Area,Part,Designated,2003,1098,170,925035.481,162,925.035481,Orinoco,NA
212,89,Woodley et al. 1981,38,"Jamaica, West Fore Reef, reef lobe",Jamaica,W. Pacific,18.4000001,-78.4,,,,,Storm,1980,51,1977,12,1980,NA,N/A,NA,NA,NA,NA,NA,60,144774,89580,45035,14569,484,7932.899556,Outside,No,0,0,0,NA,NA,NA,NA,NA,NA,NA,478,73,630713.7091,207,630.7137091,Coco,NA
213,9,Golbuu et al 2007,5,Palau (east exposed),Palau,W. Pacific,7.530000098,134.56,fringing,slope,3,10,Bleaching,1998,NA,n/a,13.05,2001,19.05,2004,NA,3,2,2,NA,343,10049,9963,9692,9380,5108,NA,Outside,No,0,0,0,NA,NA,NA,NA,NA,NA,NA,111,13,1141705.669,144,1141.705669,NA,NA
214,90,Booth et al 2002,39,"One Tree Island Lagoon, GBR (Entrance)",Australia,W. Pacific,-23.48499589,152.0805164,barrier,fore,,,Bleaching,1998,34.157,1995,28.427,1999,NA,N/A,4,NA,NA,NA,-1.4325,357,37063,971,8,0,0,66936.20964,Inside,No,0,0,0,Great Barrier Reef,Marine Park,National,Ia: Strict Nature ReserV: Protected Seascapee,All,Designated,2004,1329,194,129326.738,23,129.326738,Fitzroy,NA
215,91,Booth et al 2002,39,"One Tree Island Lagoon, GBR (Big Bommies)",Australia,W. Pacific,-23.494121,152.0808537,barrier,inner slope,,,Bleaching,1998,29.551,1995,8.539,1999,NA,N/A,4,NA,NA,NA,-5.253,357,38446,1132,8,0,0,66054.36299,Inside,No,0,0,0,Great Barrier Reef,Marine Park,National,Ia: Strict Nature ReserV: Protected Seascapee,All,Designated,2004,1329,194,129339.8533,23,129.3398533,Fitzroy,NA
216,92,Booth et al 2002,39,"One Tree Island Lagoon, GBR (Maze)",Australia,W. Pacific,-23.50183515,152.0812988,barrier,inner slope,,,Bleaching,1998,35.618,1995,19.775,1999,NA,N/A,4,NA,NA,NA,-3.96075,357,39550,1248,8,0,0,65319.44669,Inside,No,0,0,0,Great Barrier Reef,Marine Park,National,Ia: Strict Nature ReserV: Protected Seascapee,All,Designated,2004,1329,194,129373.4925,23,129.3734925,Fitzroy,NA
217,93,Booth et al 2002,39,"One Tree Island Lagoon, GBR (Centre Bommie)",Australia,W. Pacific,-23.49760212,152.0795194,barrier,inner slope,,,Bleaching,1998,30.449,1995,6.742,1999,NA,N/A,4,NA,NA,NA,-5.92675,357,39154,1194,8,0,0,65649.54054,Inside,No,0,0,0,Great Barrier Reef,Marine Park,National,Ia: Strict Nature ReserV: Protected Seascapee,All,Designated,2004,1329,194,129197.621,23,129.197621,Fitzroy,NA
218,94,Booth et al 2002,39,"One Tree Island Lagoon, GBR (No Bommies)",Australia,W. Pacific,-23.49984885,152.0912989,barrier,inner slope,4,9,Bleaching,1998,10.899,1995,1.124,1999,NA,N/A,4,NA,NA,NA,-2.44375,357,37396,1123,8,0,0,65997.2109,Inside,No,0,0,0,Great Barrier Reef,Marine Park,National,Ia: Strict Nature ReserV: Protected Seascapee,All,Designated,2004,1329,194,130396.788,23,130.396788,Fitzroy,NA
219,95,Done et al. 2007,40,"Pandora, GBR",Australia,W. Pacific,-18.81166657,146.4433333,patch,back reef,,,Bleaching,1998,53.33,1998,45.56,2000,49.7,2005,2,5,0.828,0.59,-3.885,412,181487,119982,53782,7504,0,NA,Inside,No,0,1,20,Great Barrier Reef,Marine Park,National,II: National Park,All,Designated,2004,1329,194,692171.2838,23,692.1712838,Fitzroy,NA
220,96,Graham et al 2015,41,"Mahe E Patch, Seychelles",Seychelles,Indian Ocean,-4.703661279,55.53085305,patch,flat,,,Bleaching,1998,19.3,1994,10.48181818,2005,12.3,2011,11,6,0.303030303,NA,-0.801652893,NA,0,0,0,0,0,888.8457703,Outside,No,0,0,0,NA,NA,NA,NA,NA,NA,NA,10,2,1542359.329,18,1542.359329,Maningory,NA
221,97,Graham et al 2015,41,"Mahe NW Carbonate, Seychelles",Seychelles,Indian Ocean,-4.637558264,55.37412945,fringing,,,,Bleaching,1998,38.9,1994,26.06829268,2005,26.8,2011,11,6,0.12195122,NA,-1.166518847,NA,0,0,0,0,0,261.6674485,Inside,Yes,26,6,100,Baie Ternay,Marine National Park,National,II: National Park,All,Designated,1979,10,2,1541807.435,18,1541.807435,Maningory,NA
222,98,Graham et al 2015,41,"Mahe NW Granitic, Seychelles",Seychelles,Indian Ocean,-4.559129468,55.43642138,rocky,,,,Bleaching,1998,10.8,1994,17.57142857,2005,19,2011,11,6,0.238095238,NA,0.615584416,NA,0,0,0,0,0,279.1232639,Outside,No,0,0,0,NA,NA,NA,NA,NA,NA,NA,10,2,1552609.981,18,1552.609981,Maningory,NA
223,99,Graham et al 2015,41,"Mahe NW Patch, Seychelles",Seychelles,Indian Ocean,-4.6131955,55.41617716,patch,flat,,,Bleaching,1998,17.3,1994,19.48181818,2005,21.3,2011,11,6,0.303030303,NA,0.198347107,NA,0,0,0,0,0,120.9156154,Outside,No,0,0,0,NA,NA,NA,NA,NA,NA,NA,10,2,1546200.778,18,1546.200778,Maningory,NA
